{
    "win": 50,
    "lose": 0,
    "draw": 0,
    "reward": -0.8382627319689107,
    "reward_attack": 0.0,
    "reward_evade": -1.0,
    "reward_default": 0.16173726803108934,
    "reward_win": 0,
    "reward_lose": 0,
    "reward_draw": 0,
    "win_rate": 1.0,
    "lose_rate": 0.0,
    "draw_rate": 0.0,
    "reward_win_rate": 0.0,
    "reward_lose_rate": 0.0,
    "reward_draw_rate": 0.0,
    "destroyed_count": 0.0,
    "missile_fired_count": 1.02,
    "missile_fire_fail_count": 0.0,
    "missile_hit_self_count": 0.0,
    "missile_hit_enemy_count": 1.02,
    "missile_miss_count": 0.0,
    "missile_evade_success_count": 1.64,
    "home_returned_count": 0.48,
    "aircraft_collided_count": 0.0,
    "agent": {
        "name": "red_1",
        "type": "aircraft",
        "color": "red",
        "speed": 200,
        "turn_radius": 453.51473922902494,
        "collision_radius": 20.0,
        "indestructible": false,
        "waypoint": "x: -8894.576, y: -4937.112, psi: 158.436",
        "destroyed": false,
        "destroyed_reason": [],
        "destroyed_count": 0,
        "destroyed_time": 0,
        "survival_time": 74.10000000000007,
        "waiting_actions": [],
        "consumed_actions": [
            "(61, (<Actions.go_to_location: 1>, -9266.571038449625, -4857.8892176564605))",
            "(62, (<Actions.go_to_location: 1>, -9204.690247736035, -4895.639397946898))",
            "(63, (<Actions.go_to_location: 1>, -9151.966748787145, -4940.33898312931))",
            "(64, (<Actions.go_to_location: 1>, -9121.575018426669, -4992.794743037057))",
            "(65, (<Actions.go_to_location: 1>, -9056.982441037115, -5050.317542824179))",
            "(66, (<Actions.go_to_location: 1>, -9016.29513441084, -5113.6766147902745))",
            "(68, (<Actions.go_to_location: 1>, -9016.7694432526, -5255.885430481587))",
            "(69, (<Actions.go_to_location: 1>, -8839.028357512258, -5426.171658308545))",
            "(70, (<Actions.go_to_location: 1>, -8763.043580925298, -5518.761647164684))",
            "(71, (<Actions.go_to_location: 1>, -8608.87398536658, -5660.055057348282))"
        ],
        "is_in_game_range": true,
        "missile_count": 999,
        "fuel": 179925.8999999957,
        "fuel_consumption_rate": 1,
        "radar_radius": 30000,
        "last_fire_missile_time": 53.200000000000486,
        "missile_hit_enemy": [
            [
                "red_1_missile_0",
                "blue_1"
            ]
        ],
        "missile_hit_enemy_count": 1,
        "missile_hit_self": [],
        "missile_hit_self_count": 0,
        "missile_miss": [],
        "missile_miss_count": 0,
        "missile_evade_success": [
            "blue_1_missile_0"
        ],
        "missile_evade_success_count": 1,
        "missile_fired": [
            "red_1_missile_0"
        ],
        "missile_fired_count": 1,
        "missile_fire_fail_count": 0,
        "aircraft_collided_count": 0,
        "home_returned_count": 0
    },
    "game_info": {
        "episode": 1950,
        "red": {
            "win": 1243,
            "lose": 5,
            "draw": 702,
            "reward": 96.19108206220392,
            "win_rate": 0.6374358974358975,
            "lose_rate": 0.002564102564102564,
            "draw_rate": 0.36,
            "destroyed_count": 0,
            "missile_fired_count": 1,
            "missile_fire_fail_count": 0,
            "missile_hit_self_count": 0,
            "missile_hit_enemy_count": 1,
            "missile_miss_count": 0,
            "missile_evade_success_count": 1,
            "home_returned_count": 0,
            "missile_count": 999,
            "missile_depletion_count": 0,
            "aircraft_collided_count": 0,
            "reward_attack": 1.0,
            "reward_evade": 1.0,
            "reward_default": 94.19108206220392,
            "reward_win": 0,
            "reward_lose": 5,
            "reward_draw": 0,
            "reward_win_rate": 0.0,
            "reward_lose_rate": 0.006793478260869565,
            "reward_draw_rate": 0.0
        },
        "blue": {
            "win": 5,
            "lose": 1243,
            "draw": 702,
            "reward": 93.22059927233255,
            "win_rate": 0.002564102564102564,
            "lose_rate": 0.6374358974358975,
            "draw_rate": 0.36,
            "destroyed_count": 1,
            "missile_fired_count": 1,
            "missile_fire_fail_count": 0,
            "missile_hit_self_count": 1,
            "missile_hit_enemy_count": 0,
            "missile_miss_count": 1,
            "missile_evade_success_count": 0,
            "home_returned_count": 0,
            "missile_count": 999,
            "missile_depletion_count": 0,
            "aircraft_collided_count": 0,
            "reward_attack": 0.7,
            "reward_win": 5,
            "reward_lose": 0,
            "reward_draw": 0,
            "reward_default": 91.52059927233255,
            "reward_win_rate": 0.006793478260869565,
            "reward_lose_rate": 0.0,
            "reward_draw_rate": 0.0,
            "reward_evade": 1.0
        },
        "recent": {
            "episodes": 50,
            "abnormal": [],
            "red": {
                "win": 50,
                "lose": 0,
                "draw": 0,
                "reward": -0.8382627319689107,
                "reward_attack": 0.0,
                "reward_evade": -1.0,
                "reward_default": 0.16173726803108934,
                "reward_win": 0,
                "reward_lose": 0,
                "reward_draw": 0,
                "win_rate": 1.0,
                "lose_rate": 0.0,
                "draw_rate": 0.0,
                "reward_win_rate": 0.0,
                "reward_lose_rate": 0.0,
                "reward_draw_rate": 0.0,
                "destroyed_count": 0.0,
                "missile_fired_count": 1.02,
                "missile_fire_fail_count": 0.0,
                "missile_hit_self_count": 0.0,
                "missile_hit_enemy_count": 1.02,
                "missile_miss_count": 0.0,
                "missile_evade_success_count": 1.64,
                "home_returned_count": 0.48,
                "aircraft_collided_count": 0.0
            },
            "blue": {
                "win": 0,
                "lose": 50,
                "draw": 0,
                "reward": 0.0,
                "reward_attack": 0.0,
                "reward_win": 0,
                "reward_lose": 0,
                "reward_draw": 0,
                "reward_default": 0.0,
                "reward_evade": 0.0,
                "win_rate": 0.0,
                "lose_rate": 1.0,
                "draw_rate": 0.0,
                "reward_win_rate": 0.0,
                "reward_lose_rate": 0.0,
                "reward_draw_rate": 0.0,
                "destroyed_count": 1.02,
                "missile_fired_count": 1.64,
                "missile_fire_fail_count": 0.0,
                "missile_hit_self_count": 1.02,
                "missile_hit_enemy_count": 0.0,
                "missile_miss_count": 1.64,
                "missile_evade_success_count": 0.0,
                "home_returned_count": 0.0,
                "aircraft_collided_count": 0.0
            },
            "agent": {
                "blue_1": {
                    "destroyed_count": 0.02,
                    "missile_fired_count": 0.02,
                    "missile_fire_fail_count": 0.0,
                    "missile_hit_self_count": 0.02,
                    "missile_hit_enemy_count": 0.0,
                    "missile_miss_count": 0.02,
                    "missile_evade_success_count": 0.0,
                    "home_returned_count": 0.0,
                    "aircraft_collided_count": 0.0
                },
                "red_1": {
                    "destroyed_count": 0.0,
                    "missile_fired_count": 0.02,
                    "missile_fire_fail_count": 0.0,
                    "missile_hit_self_count": 0.0,