{
    "win": 40,
    "lose": 3,
    "draw": 7,
    "reward": 0.5468991682677995,
    "reward_attack": 0.0,
    "reward_evade": 0.0,
    "reward_default": 0.5468991682677995,
    "reward_win": 1,
    "reward_lose": 0,
    "reward_draw": 0,
    "win_rate": 0.8,
    "lose_rate": 0.06,
    "draw_rate": 0.14,
    "reward_win_rate": 0.02,
    "reward_lose_rate": 0.0,
    "reward_draw_rate": 0.0,
    "destroyed_count": 0.2,
    "missile_fired_count": 0.96,
    "missile_fire_fail_count": 0.0,
    "missile_hit_self_count": 0.14,
    "missile_hit_enemy_count": 0.9,
    "missile_miss_count": 0.04,
    "missile_evade_success_count": 1.32,
    "home_returned_count": 0.0,
    "aircraft_collided_count": 0.06,
    "agent": {
        "name": "red_1",
        "type": "aircraft",
        "color": "red",
        "speed": 200,
        "turn_radius": 453.51473922902494,
        "collision_radius": 20.0,
        "indestructible": false,
        "waypoint": "x: -5731.07, y: 11068.737, psi: 127.417",
        "destroyed": false,
        "destroyed_reason": [],
        "destroyed_count": 0,
        "destroyed_time": 0,
        "survival_time": 35.20000000000023,
        "waiting_actions": [],
        "consumed_actions": [
            "(18, (<Actions.go_to_location: 1>, -6762.723857419356, 10890.411561568873))",
            "(19, (<Actions.go_to_location: 1>, -6695.115752037725, 10882.775980502816))",
            "(20, (<Actions.go_to_location: 1>, -6626.427875787538, 10867.089745136604))",
            "(21, (<Actions.go_to_location: 1>, -4923.351, 12616.104))",
            "(22, (<Actions.go_to_location: 1>, -6483.936517611973, 10821.818633121948))",
            "(23, (<Actions.go_to_location: 1>, -6405.3891798076775, 10801.315563891627))",
            "(24, (<Actions.go_to_location: 1>, -6315.732030003313, 10777.699287445448))",
            "(26, (<Actions.go_to_location: 1>, -6046.187569442995, 10756.209255119253))",
            "(27, (<Actions.go_to_location: 1>, -5631.568585139439, 10961.270115706247))",
            "(34, (<Actions.go_to_location: 1>, -5465.226525951141, 12434.760912554328))"
        ],
        "is_in_game_range": true,
        "missile_count": 999,
        "fuel": 179964.79999999795,
        "fuel_consumption_rate": 1,
        "radar_radius": 30000,
        "last_fire_missile_time": 15.099999999999962,
        "missile_hit_enemy": [
            [
                "red_1_missile_0",
                "blue_1"
            ]
        ],
        "missile_hit_enemy_count": 1,
        "missile_hit_self": [],
        "missile_hit_self_count": 0,
        "missile_miss": [],
        "missile_miss_count": 0,
        "missile_evade_success": [
            "blue_1_missile_0"
        ],
        "missile_evade_success_count": 1,
        "missile_fired": [
            "red_1_missile_0"
        ],
        "missile_fired_count": 1,
        "missile_fire_fail_count": 0,
        "aircraft_collided_count": 0,
        "home_returned_count": 0
    },
    "game_info": {
        "episode": 2800,
        "red": {
            "win": 874,
            "lose": 192,
            "draw": 1734,
            "reward": 99.15105285626183,
            "win_rate": 0.31214285714285717,
            "lose_rate": 0.06857142857142857,
            "draw_rate": 0.6192857142857143,
            "destroyed_count": 0,
            "missile_fired_count": 1,
            "missile_fire_fail_count": 0,
            "missile_hit_self_count": 0,
            "missile_hit_enemy_count": 1,
            "missile_miss_count": 0,
            "missile_evade_success_count": 1,
            "home_returned_count": 0,
            "missile_count": 999,
            "missile_depletion_count": 0,
            "aircraft_collided_count": 0,
            "reward_attack": 1.0,
            "reward_evade": 1.0,
            "reward_default": 97.15105285626183,
            "reward_win": 25,
            "reward_lose": 55,
            "reward_draw": 0,
            "reward_win_rate": 0.009054690329590729,
            "reward_lose_rate": 0.0199203187250996,
            "reward_draw_rate": 0.0
        },
        "blue": {
            "win": 192,
            "lose": 874,
            "draw": 1734,
            "reward": 98.83775798048984,
            "win_rate": 0.06857142857142857,
            "lose_rate": 0.31214285714285717,
            "draw_rate": 0.6192857142857143,
            "destroyed_count": 1,
            "missile_fired_count": 1,
            "missile_fire_fail_count": 0,
            "missile_hit_self_count": 1,
            "missile_hit_enemy_count": 0,
            "missile_miss_count": 1,
            "missile_evade_success_count": 0,
            "home_returned_count": 0,
            "missile_count": 999,
            "missile_depletion_count": 0,
            "aircraft_collided_count": 0,
            "reward_attack": 1.0,
            "reward_evade": 1.0,
            "reward_default": 96.83775798048984,
            "reward_win": 55,
            "reward_lose": 25,
            "reward_draw": 0,
            "reward_win_rate": 0.0199203187250996,
            "reward_lose_rate": 0.009054690329590729,
            "reward_draw_rate": 0.0
        },
        "recent": {
            "episodes": 50,
            "abnormal": [],
            "red": {
                "win": 40,
                "lose": 3,
                "draw": 7,
                "reward": 0.5468991682677995,
                "reward_attack": 0.0,
                "reward_evade": 0.0,
                "reward_default": 0.5468991682677995,
                "reward_win": 1,
                "reward_lose": 0,
                "reward_draw": 0,
                "win_rate": 0.8,
                "lose_rate": 0.06,
                "draw_rate": 0.14,
                "reward_win_rate": 0.02,
                "reward_lose_rate": 0.0,
                "reward_draw_rate": 0.0,
                "destroyed_count": 0.2,
                "missile_fired_count": 0.96,
                "missile_fire_fail_count": 0.0,
                "missile_hit_self_count": 0.14,
                "missile_hit_enemy_count": 0.9,
                "missile_miss_count": 0.04,
                "missile_evade_success_count": 1.32,
                "home_returned_count": 0.0,
                "aircraft_collided_count": 0.06
            },
            "blue": {
                "win": 3,
                "lose": 40,
                "draw": 7,
                "reward": 0.15586593904959045,
                "reward_attack": 0.0,
                "reward_evade": 0.0,
                "reward_default": 0.15586593904959045,
                "reward_win": 0,
                "reward_lose": 1,
                "reward_draw": 0,
                "win_rate": 0.06,
                "lose_rate": 0.8,
                "draw_rate": 0.14,
                "reward_win_rate": 0.0,
                "reward_lose_rate": 0.02,
                "reward_draw_rate": 0.0,
                "destroyed_count": 0.96,
                "missile_fired_count": 1.48,
                "missile_fire_fail_count": 0.0,
                "missile_hit_self_count": 0.9,
                "missile_hit_enemy_count": 0.14,
                "missile_miss_count": 1.32,
                "missile_evade_success_count": 0.04,
                "home_returned_count": 0.0,
                "aircraft_collided_count": 0.06
            },
            "agent": {
                "blue_1": {
                    "destroyed_count": 0.02,
                    "missile_fired_count": 0.02,
                    "missile_fire_fail_count": 0.0,
                    "missile_hit_self_count": 0.02,
                    "missile_hit_enemy_count": 0.0,
                    "missile_miss_count": 0.02,
                    "missile_evade_success_count": 0.0,
                    "home_returned_count": 0.0,
                    "aircraft_collided_count": 0.0
                },
                "red_1": {
                    "destroyed_count": 0.0,
                    "missile_fired_count": 0.02,
                    "missile_fire_fail_count": 0.0,