{
    "win": 50,
    "lose": 0,
    "draw": 0,
    "reward": 1.5117043567574058,
    "reward_default": 1.5117043567574058,
    "win_rate": 1.0,
    "lose_rate": 0.0,
    "draw_rate": 0.0,
    "reward_win_rate": 0.0,
    "reward_lose_rate": 0.0,
    "reward_draw_rate": 0.0,
    "destroyed_count": 0.0,
    "missile_fired_count": 5.12,
    "missile_fire_fail_count": 0.0,
    "missile_hit_self_count": 0.0,
    "missile_hit_enemy_count": 1.02,
    "missile_miss_count": 4.1,
    "missile_evade_success_count": 2.04,
    "home_returned_count": 0.56,
    "aircraft_collided_count": 0.0,
    "agent": {
        "name": "red_1",
        "type": "aircraft",
        "color": "red",
        "speed": 200,
        "turn_radius": 453.51473922902494,
        "collision_radius": 20.0,
        "indestructible": false,
        "waypoint": "x: 4061.08, y: 4306.893, psi: 46.377",
        "destroyed": false,
        "destroyed_reason": [],
        "destroyed_count": 0,
        "destroyed_time": 0,
        "survival_time": 133.4999999999967,
        "waiting_actions": [],
        "consumed_actions": [
            "(116, (<Actions.go_to_location: 1>, 3620.38, 4233.112))",
            "(121, (<Actions.go_to_location: 1>, 4172.519733213608, 3358.029227273847))",
            "(122, (<Actions.go_to_location: 1>, 4238.862695927225, 3606.7266008782917))",
            "(124, (<Actions.go_to_location: 1>, 4281.920899465859, 3832.024318782363))",
            "(125, (<Actions.go_to_location: 1>, 4310.124544911676, 4017.4593614914597))",
            "(126, (<Actions.go_to_location: 1>, 4426.96030157063, 4245.513631274656))",
            "(127, (<Actions.go_to_location: 1>, 4457.178059789511, 4372.147085697203))",
            "(129, (<Actions.go_to_location: 1>, 4661.61604075521, 4724.397976191095))",
            "(130, (<Actions.go_to_location: 1>, 4686.700832625311, 4804.116119050438))",
            "(131, (<Actions.go_to_location: 1>, 4770.786308390342, 4983.281493149083))"
        ],
        "is_in_game_range": true,
        "missile_count": 995,
        "fuel": 179866.49999999223,
        "fuel_consumption_rate": 1,
        "radar_radius": 30000,
        "last_fire_missile_time": 109.29999999999806,
        "missile_hit_enemy": [
            [
                "red_1_missile_4",
                "blue_1"
            ]
        ],
        "missile_hit_enemy_count": 1,
        "missile_hit_self": [],
        "missile_hit_self_count": 0,
        "missile_miss": [
            "red_1_missile_0",
            "red_1_missile_1",
            "red_1_missile_2",
            "red_1_missile_3"
        ],
        "missile_miss_count": 4,
        "missile_evade_success": [
            "blue_1_missile_0",
            "blue_1_missile_1"
        ],
        "missile_evade_success_count": 2,
        "missile_fired": [
            "red_1_missile_0",
            "red_1_missile_1",
            "red_1_missile_2",
            "red_1_missile_3",
            "red_1_missile_4"
        ],
        "missile_fired_count": 5,
        "missile_fire_fail_count": 0,
        "aircraft_collided_count": 0,
        "home_returned_count": 0
    },
    "game_info": {
        "episode": 2850,
        "red": {
            "win": 1094,
            "lose": 1752,
            "draw": 4,
            "reward": 90.02575033751165,
            "win_rate": 0.383859649122807,
            "lose_rate": 0.6147368421052631,
            "draw_rate": 0.0014035087719298245,
            "destroyed_count": 0,
            "missile_fired_count": 5,
            "missile_fire_fail_count": 0,
            "missile_hit_self_count": 0,
            "missile_hit_enemy_count": 1,
            "missile_miss_count": 4,
            "missile_evade_success_count": 2,
            "home_returned_count": 0,
            "missile_count": 995,
            "missile_depletion_count": 0,
            "aircraft_collided_count": 0,
            "reward_default": 90.02575033751165
        },
        "blue": {
            "win": 1752,
            "lose": 1094,
            "draw": 4,
            "reward": 0,
            "win_rate": 0.6147368421052631,
            "lose_rate": 0.383859649122807,
            "draw_rate": 0.0014035087719298245,
            "destroyed_count": 1,
            "missile_fired_count": 2,
            "missile_fire_fail_count": 0,
            "missile_hit_self_count": 1,
            "missile_hit_enemy_count": 0,
            "missile_miss_count": 2,
            "missile_evade_success_count": 4,
            "home_returned_count": 0,
            "missile_count": 998,
            "missile_depletion_count": 0,
            "aircraft_collided_count": 0,
            "reward_default": 0
        },
        "recent": {
            "episodes": 50,
            "abnormal": [],
            "red": {
                "win": 50,
                "lose": 0,
                "draw": 0,
                "reward": 1.5117043567574058,
                "reward_default": 1.5117043567574058,
                "win_rate": 1.0,
                "lose_rate": 0.0,
                "draw_rate": 0.0,
                "reward_win_rate": 0.0,
                "reward_lose_rate": 0.0,
                "reward_draw_rate": 0.0,
                "destroyed_count": 0.0,
                "missile_fired_count": 5.12,
                "missile_fire_fail_count": 0.0,
                "missile_hit_self_count": 0.0,
                "missile_hit_enemy_count": 1.02,
                "missile_miss_count": 4.1,
                "missile_evade_success_count": 2.04,
                "home_returned_count": 0.56,
                "aircraft_collided_count": 0.0
            },
            "blue": {
                "win": 0,
                "lose": 50,
                "draw": 0,
                "reward": 0,
                "reward_default": 0,
                "win_rate": 0.0,
                "lose_rate": 1.0,
                "draw_rate": 0.0,
                "reward_win_rate": 0.0,
                "reward_lose_rate": 0.0,
                "reward_draw_rate": 0.0,
                "destroyed_count": 1.02,
                "missile_fired_count": 2.04,
                "missile_fire_fail_count": 0.0,
                "missile_hit_self_count": 1.02,
                "missile_hit_enemy_count": 0.0,
                "missile_miss_count": 2.04,
                "missile_evade_success_count": 4.1,
                "home_returned_count": 0.0,
                "aircraft_collided_count": 0.0
            },
            "agent": {
                "blue_1": {
                    "destroyed_count": 0.02,
                    "missile_fired_count": 0.04,
                    "missile_fire_fail_count": 0.0,
                    "missile_hit_self_count": 0.02,
                    "missile_hit_enemy_count": 0.0,
                    "missile_miss_count": 0.04,
                    "missile_evade_success_count": 0.08,
                    "home_returned_count": 0.0,
                    "aircraft_collided_count": 0.0
                },
                "red_1": {
                    "destroyed_count": 0.0,
                    "missile_fired_count": 0.1,
                    "missile_fire_fail_count": 0.0,
                    "missile_hit_self_count": 0.0,
                    "missile_hit_enemy_count": 0.02,
                    "missile_miss_count": 0.08,
                    "missile_evade_success_count": 0.04,
                    "home_returned_count": 0.0,
                    "aircraft_collided_count": 0.0
                }
            }
        },
        "agent": {
            "blue_1": {
                "destroyed_count": 1,
                "missile_fired_count": 2,
                "missile_fire_fail_count": 0,
                "missile_hit_self_count": 1,
                "missile_hit_enemy_count": 0,
                "missile_miss_count": 2,
                "missile_evade_success_count": 4,
                "home_returned_count": 0,
                "missile_count": 998,
                "missile_depletion_count": 0,
                "aircraft_collided_count": 0,