{
    "win": 50,
    "lose": 0,
    "draw": 0,
    "reward": 3.0570263164748326,
    "reward_win": 0,
    "reward_lose": 0,
    "reward_draw": 0,
    "reward_default": 3.0570263164748326,
    "win_rate": 1.0,
    "lose_rate": 0.0,
    "draw_rate": 0.0,
    "reward_win_rate": 0.0,
    "reward_lose_rate": 0.0,
    "reward_draw_rate": 0.0,
    "destroyed_count": 0.0,
    "missile_fired_count": 1.02,
    "missile_fire_fail_count": 0.0,
    "missile_hit_self_count": 0.0,
    "missile_hit_enemy_count": 1.02,
    "missile_miss_count": 0.0,
    "missile_evade_success_count": 1.64,
    "home_returned_count": 0.46,
    "aircraft_collided_count": 0.0,
    "agent": {
        "name": "red_1",
        "type": "aircraft",
        "color": "red",
        "speed": 200,
        "turn_radius": 453.51473922902494,
        "collision_radius": 20.0,
        "indestructible": false,
        "waypoint": "x: -6435.674, y: -3208.752, psi: 142.443",
        "destroyed": false,
        "destroyed_reason": [],
        "destroyed_count": 0,
        "destroyed_time": 0,
        "survival_time": 74.10000000000007,
        "waiting_actions": [],
        "consumed_actions": [
            "(51, (<Actions.go_to_location: 1>, -7286.082250317774, -1654.0745831656004))",
            "(52, (<Actions.go_to_location: 1>, -7206.043009420447, -1700.866772890346))",
            "(53, (<Actions.go_to_location: 1>, -7202.181121279351, -1756.9997085613652))",
            "(56, (<Actions.go_to_location: 1>, -6934.398673126559, -1910.7946156962207))",
            "(59, (<Actions.go_to_location: 1>, -6979.550174646928, -2366.9991389387615))",
            "(64, (<Actions.go_to_location: 1>, -6693.763610424126, -3223.4363540945315))",
            "(66, (<Actions.go_to_location: 1>, -6526.928648061578, -3487.5938642208916))",
            "(69, (<Actions.go_to_location: 1>, -6256.363318650381, -3777.7103048917943))",
            "(71, (<Actions.go_to_location: 1>, -5935.475430885686, -3960.603598749948))",
            "(72, (<Actions.go_to_location: 1>, -5843.091670619798, -3979.4393256804187))"
        ],
        "is_in_game_range": true,
        "missile_count": 999,
        "fuel": 179925.8999999957,
        "fuel_consumption_rate": 1,
        "radar_radius": 30000,
        "last_fire_missile_time": 38.20000000000027,
        "missile_hit_enemy": [
            [
                "red_1_missile_0",
                "blue_1"
            ]
        ],
        "missile_hit_enemy_count": 1,
        "missile_hit_self": [],
        "missile_hit_self_count": 0,
        "missile_miss": [],
        "missile_miss_count": 0,
        "missile_evade_success": [
            "blue_1_missile_0",
            "blue_1_missile_1"
        ],
        "missile_evade_success_count": 2,
        "missile_fired": [
            "red_1_missile_0"
        ],
        "missile_fired_count": 1,
        "missile_fire_fail_count": 0,
        "aircraft_collided_count": 0,
        "home_returned_count": 0
    },
    "game_info": {
        "episode": 2100,
        "red": {
            "win": 1031,
            "lose": 76,
            "draw": 993,
            "reward": 97.19108206220392,
            "win_rate": 0.490952380952381,
            "lose_rate": 0.03619047619047619,
            "draw_rate": 0.47285714285714286,
            "destroyed_count": 0,
            "missile_fired_count": 1,
            "missile_fire_fail_count": 0,
            "missile_hit_self_count": 0,
            "missile_hit_enemy_count": 1,
            "missile_miss_count": 0,
            "missile_evade_success_count": 2,
            "home_returned_count": 0,
            "missile_count": 999,
            "missile_depletion_count": 0,
            "aircraft_collided_count": 0,
            "reward_win": 84,
            "reward_lose": 75,
            "reward_draw": 0,
            "reward_default": 97.19108206220392,
            "reward_win_rate": 0.051250762660158634,
            "reward_lose_rate": 0.04575960951799878,
            "reward_draw_rate": 0.0
        },
        "blue": {
            "win": 76,
            "lose": 1031,
            "draw": 993,
            "reward": 91.49115610831578,
            "win_rate": 0.03619047619047619,
            "lose_rate": 0.490952380952381,
            "draw_rate": 0.47285714285714286,
            "destroyed_count": 1,
            "missile_fired_count": 2,
            "missile_fire_fail_count": 0,
            "missile_hit_self_count": 1,
            "missile_hit_enemy_count": 0,
            "missile_miss_count": 2,
            "missile_evade_success_count": 0,
            "home_returned_count": 0,
            "missile_count": 998,
            "missile_depletion_count": 0,
            "aircraft_collided_count": 0,
            "reward_win": 75,
            "reward_lose": 84,
            "reward_draw": 0,
            "reward_default": 91.49115610831578,
            "reward_win_rate": 0.04575960951799878,
            "reward_lose_rate": 0.051250762660158634,
            "reward_draw_rate": 0.0
        },
        "recent": {
            "episodes": 50,
            "abnormal": [],
            "red": {
                "win": 50,
                "lose": 0,
                "draw": 0,
                "reward": 3.0570263164748326,
                "reward_win": 0,
                "reward_lose": 0,
                "reward_draw": 0,
                "reward_default": 3.0570263164748326,
                "win_rate": 1.0,
                "lose_rate": 0.0,
                "draw_rate": 0.0,
                "reward_win_rate": 0.0,
                "reward_lose_rate": 0.0,
                "reward_draw_rate": 0.0,
                "destroyed_count": 0.0,
                "missile_fired_count": 1.02,
                "missile_fire_fail_count": 0.0,
                "missile_hit_self_count": 0.0,
                "missile_hit_enemy_count": 1.02,
                "missile_miss_count": 0.0,
                "missile_evade_success_count": 1.64,
                "home_returned_count": 0.46,
                "aircraft_collided_count": 0.0
            },
            "blue": {
                "win": 0,
                "lose": 50,
                "draw": 0,
                "reward": 0.0,
                "reward_win": 0,
                "reward_lose": 0,
                "reward_draw": 0,
                "reward_default": 0.0,
                "win_rate": 0.0,
                "lose_rate": 1.0,
                "draw_rate": 0.0,
                "reward_win_rate": 0.0,
                "reward_lose_rate": 0.0,
                "reward_draw_rate": 0.0,
                "destroyed_count": 1.02,
                "missile_fired_count": 1.64,
                "missile_fire_fail_count": 0.0,
                "missile_hit_self_count": 1.02,
                "missile_hit_enemy_count": 0.0,
                "missile_miss_count": 1.64,
                "missile_evade_success_count": 0.0,
                "home_returned_count": 0.0,
                "aircraft_collided_count": 0.0
            },
            "agent": {
                "blue_1": {
                    "destroyed_count": 0.02,
                    "missile_fired_count": 0.04,
                    "missile_fire_fail_count": 0.0,
                    "missile_hit_self_count": 0.02,
                    "missile_hit_enemy_count": 0.0,
                    "missile_miss_count": 0.04,
                    "missile_evade_success_count": 0.0,
                    "home_returned_count": 0.0,
                    "aircraft_collided_count": 0.0
                },
                "red_1": {
                    "destroyed_count": 0.0,
                    "missile_fired_count": 0.02,
                    "missile_fire_fail_count": 0.0,
                    "missile_hit_self_count": 0.0,
                    "missile_hit_enemy_count": 0.02,
                    "missile_miss_count": 0.0,
                    "missile_evade_success_count": 0.04,
                    "home_returned_count": 0.0,