{
    "win": 1,
    "lose": 36,
    "draw": 13,
    "reward": -0.49770475444093876,
    "reward_default": -10.497704754440939,
    "reward_evade": 10.0,
    "reward_attack": -0.5,
    "win_rate": 0.02,
    "lose_rate": 0.72,
    "draw_rate": 0.26,
    "reward_win_rate": 0.0,
    "reward_lose_rate": 0.0,
    "reward_draw_rate": 0.0,
    "destroyed_count": 0.8,
    "missile_fired_count": 0.28,
    "missile_fire_fail_count": 0.0,
    "missile_hit_self_count": 0.72,
    "missile_hit_enemy_count": 0.02,
    "missile_miss_count": 0.26,
    "missile_evade_success_count": 7.08,
    "home_returned_count": 0.7,
    "aircraft_collided_count": 0.08,
    "agent": {
        "name": "red_1",
        "type": "aircraft",
        "color": "red",
        "speed": 200,
        "turn_radius": 453.51473922902494,
        "collision_radius": 20.0,
        "indestructible": false,
        "waypoint": "x: -6310.419, y: -7728.652, psi: -173.866",
        "destroyed": false,
        "destroyed_reason": [],
        "destroyed_count": 0,
        "destroyed_time": 0,
        "survival_time": 1800.1999999994582,
        "waiting_actions": [],
        "consumed_actions": [
            "(1788, (<Actions.go_to_location: 1>, -6975.9014798217795, -7271.142104484257))",
            "(1789, (<Actions.go_to_location: 1>, -7026.928751850585, -7453.588054028383))",
            "(1790, (<Actions.go_to_location: 1>, -7051.294677895246, -7643.11827027574))",
            "(1791, (<Actions.go_to_location: 1>, -7047.212248155251, -7835.946341687247))",
            "(1792, (<Actions.go_to_location: 1>, -7013.335989244305, -8027.9967493131335))",
            "(1794, (<Actions.go_to_location: 1>, -6948.814178559913, -8214.601810133478))",
            "(1795, (<Actions.go_to_location: 1>, -6853.404123431545, -8390.743755726486))",
            "(1796, (<Actions.go_to_location: 1>, -6727.6971090342395, -8550.825804115382))",
            "(1797, (<Actions.go_to_location: 1>, -6573.043467660724, -8689.168870264046))",
            "(1799, (<Actions.go_to_location: 1>, -5945.477552881026, -8974.06573742369))"
        ],
        "is_in_game_range": true,
        "missile_count": 12,
        "fuel": 178199.79999989521,
        "fuel_consumption_rate": 1,
        "radar_radius": 30000,
        "last_fire_missile_time": 0,
        "missile_hit_enemy": [],
        "missile_hit_enemy_count": 0,
        "missile_hit_self": [],
        "missile_hit_self_count": 0,
        "missile_miss": [],
        "missile_miss_count": 0,
        "missile_evade_success": [
            "blue_1_missile_0",
            "blue_1_missile_1",
            "blue_1_missile_2",
            "blue_1_missile_3",
            "blue_1_missile_4",
            "blue_1_missile_5",
            "blue_1_missile_6",
            "blue_1_missile_7",
            "blue_1_missile_8",
            "blue_1_missile_9"
        ],
        "missile_evade_success_count": 10,
        "missile_fired": [],
        "missile_fired_count": 0,
        "missile_fire_fail_count": 0,
        "aircraft_collided_count": 0,
        "home_returned_count": 0
    },
    "game_info": {
        "episode": 50,
        "red": {
            "win": 1,
            "lose": 36,
            "draw": 13,
            "reward": -0.49770475444093876,
            "win_rate": 0.02,
            "lose_rate": 0.72,
            "draw_rate": 0.26,
            "destroyed_count": 0,
            "missile_fired_count": 0,
            "missile_fire_fail_count": 0,
            "missile_hit_self_count": 0,
            "missile_hit_enemy_count": 0,
            "missile_miss_count": 0,
            "missile_evade_success_count": 10,
            "home_returned_count": 0,
            "missile_count": 12,
            "missile_depletion_count": 0,
            "aircraft_collided_count": 0,
            "reward_default": -10.497704754440939,
            "reward_evade": 10.0,
            "reward_attack": -0.5
        },
        "blue": {
            "win": 36,
            "lose": 1,
            "draw": 13,
            "reward": -15.497704754440939,
            "win_rate": 0.72,
            "lose_rate": 0.02,
            "draw_rate": 0.26,
            "destroyed_count": 0,
            "missile_fired_count": 10,
            "missile_fire_fail_count": 0,
            "missile_hit_self_count": 0,
            "missile_hit_enemy_count": 0,
            "missile_miss_count": 10,
            "missile_evade_success_count": 0,
            "home_returned_count": 0,
            "missile_count": 2,
            "missile_depletion_count": 0,
            "aircraft_collided_count": 0,
            "reward_default": -10.497704754440939,
            "reward_attack": -5.0,
            "reward_evade": 1.0
        },
        "recent": {
            "episodes": 50,
            "abnormal": [],
            "red": {
                "win": 1,
                "lose": 36,
                "draw": 13,
                "reward": -0.49770475444093876,
                "reward_default": -10.497704754440939,
                "reward_evade": 10.0,
                "reward_attack": -0.5,
                "win_rate": 0.02,
                "lose_rate": 0.72,
                "draw_rate": 0.26,
                "reward_win_rate": 0.0,
                "reward_lose_rate": 0.0,
                "reward_draw_rate": 0.0,
                "destroyed_count": 0.8,
                "missile_fired_count": 0.28,
                "missile_fire_fail_count": 0.0,
                "missile_hit_self_count": 0.72,
                "missile_hit_enemy_count": 0.02,
                "missile_miss_count": 0.26,
                "missile_evade_success_count": 7.08,
                "home_returned_count": 0.7,
                "aircraft_collided_count": 0.08
            },
            "blue": {
                "win": 36,
                "lose": 1,
                "draw": 13,
                "reward": -15.497704754440939,
                "reward_default": -10.497704754440939,
                "reward_attack": -5.0,
                "reward_evade": 1.0,
                "win_rate": 0.72,
                "lose_rate": 0.02,
                "draw_rate": 0.26,
                "reward_win_rate": 0.0,
                "reward_lose_rate": 0.0,
                "reward_draw_rate": 0.0,
                "destroyed_count": 0.1,
                "missile_fired_count": 7.82,
                "missile_fire_fail_count": 0.0,
                "missile_hit_self_count": 0.02,
                "missile_hit_enemy_count": 0.72,
                "missile_miss_count": 7.08,
                "missile_evade_success_count": 0.26,
                "home_returned_count": 0.08,
                "aircraft_collided_count": 0.08
            },
            "agent": {
                "blue_1": {
                    "destroyed_count": 0.0,
                    "missile_fired_count": 0.2,
                    "missile_fire_fail_count": 0.0,
                    "missile_hit_self_count": 0.0,
                    "missile_hit_enemy_count": 0.0,
                    "missile_miss_count": 0.2,
                    "missile_evade_success_count": 0.0,
                    "home_returned_count": 0.0,
                    "aircraft_collided_count": 0.0
                },
                "red_1": {
                    "destroyed_count": 0.0,
                    "missile_fired_count": 0.0,
                    "missile_fire_fail_count": 0.0,
                    "missile_hit_self_count": 0.0,
                    "missile_hit_enemy_count": 0.0,
                    "missile_miss_count": 0.0,
                    "missile_evade_success_count": 0.2,
                    "home_returned_count": 0.0,
                    "aircraft_collided_count": 0.0
                }
            }
        },
        "agent": {
            "blue_1": {
                "destroyed_count": 0,
                "missile_fired_count": 10,
                "missile_fire_fail_count": 0,
                "missile_hit_self_count": 0,
                "missile_hit_enemy_count": 0,