{
    "win": 50,
    "lose": 0,
    "draw": 0,
    "reward": 0.30170671733267795,
    "reward_default": 0.30170671733267795,
    "reward_evade": 0.0,
    "reward_attack": 0.5,
    "win_rate": 1.0,
    "lose_rate": 0.0,
    "draw_rate": 0.0,
    "reward_win_rate": 0.0,
    "reward_lose_rate": 0.0,
    "reward_draw_rate": 0.0,
    "destroyed_count": 0.0,
    "missile_fired_count": 1.2,
    "missile_fire_fail_count": 0.0,
    "missile_hit_self_count": 0.0,
    "missile_hit_enemy_count": 1.02,
    "missile_miss_count": 0.18,
    "missile_evade_success_count": 1.94,
    "home_returned_count": 0.34,
    "aircraft_collided_count": 0.0,
    "agent": {
        "name": "red_1",
        "type": "aircraft",
        "color": "red",
        "speed": 200,
        "turn_radius": 453.51473922902494,
        "collision_radius": 20.0,
        "indestructible": false,
        "waypoint": "x: -14313.896, y: 4279.092, psi: -29.066",
        "destroyed": false,
        "destroyed_reason": [],
        "destroyed_count": 0,
        "destroyed_time": 0,
        "survival_time": 114.79999999999775,
        "waiting_actions": [],
        "consumed_actions": [
            "(104, (<Actions.go_to_location: 1>, -14057.017743071316, 4930.242548184528))",
            "(105, (<Actions.go_to_location: 1>, -14024.77258156878, 4995.7246455130935))",
            "(106, (<Actions.go_to_location: 1>, -14335.669311748994, 2397.457938040418))",
            "(107, (<Actions.go_to_location: 1>, -14348.041064592711, 2469.3376710610296))",
            "(108, (<Actions.go_to_location: 1>, -14373.255159527402, 2541.2162302206516))",
            "(109, (<Actions.go_to_location: 1>, -14411.257994283338, 2611.545683529567))",
            "(110, (<Actions.go_to_location: 1>, -13972.992186500962, 5355.682717930958))",
            "(111, (<Actions.go_to_location: 1>, -13974.085711855703, 5413.835804436483))",
            "(113, (<Actions.go_to_location: 1>, -14581.091460696458, 2824.708547670979))",
            "(114, (<Actions.go_to_location: 1>, -14662.466292648334, 2908.4499770126963))"
        ],
        "is_in_game_range": true,
        "missile_count": 11,
        "fuel": 179885.19999999332,
        "fuel_consumption_rate": 1,
        "radar_radius": 30000,
        "last_fire_missile_time": 82.89999999999957,
        "missile_hit_enemy": [
            [
                "red_1_missile_0",
                "blue_1"
            ]
        ],
        "missile_hit_enemy_count": 1,
        "missile_hit_self": [],
        "missile_hit_self_count": 0,
        "missile_miss": [],
        "missile_miss_count": 0,
        "missile_evade_success": [
            "blue_1_missile_0",
            "blue_1_missile_1"
        ],
        "missile_evade_success_count": 2,
        "missile_fired": [
            "red_1_missile_0"
        ],
        "missile_fired_count": 1,
        "missile_fire_fail_count": 0,
        "aircraft_collided_count": 0,
        "home_returned_count": 2
    },
    "game_info": {
        "episode": 1900,
        "red": {
            "win": 1161,
            "lose": 292,
            "draw": 447,
            "reward": 93.29286282564846,
            "win_rate": 0.6110526315789474,
            "lose_rate": 0.15368421052631578,
            "draw_rate": 0.23526315789473684,
            "destroyed_count": 0,
            "missile_fired_count": 1,
            "missile_fire_fail_count": 0,
            "missile_hit_self_count": 0,
            "missile_hit_enemy_count": 1,
            "missile_miss_count": 0,
            "missile_evade_success_count": 2,
            "home_returned_count": 2,
            "missile_count": 11,
            "missile_depletion_count": 0,
            "aircraft_collided_count": 0,
            "reward_default": 91.29286282564846,
            "reward_evade": 2.0,
            "reward_attack": -0.5
        },
        "blue": {
            "win": 292,
            "lose": 1161,
            "draw": 447,
            "reward": -37.51714513025938,
            "win_rate": 0.15368421052631578,
            "lose_rate": 0.6110526315789474,
            "draw_rate": 0.23526315789473684,
            "destroyed_count": 1,
            "missile_fired_count": 2,
            "missile_fire_fail_count": 0,
            "missile_hit_self_count": 1,
            "missile_hit_enemy_count": 0,
            "missile_miss_count": 2,
            "missile_evade_success_count": 0,
            "home_returned_count": 0,
            "missile_count": 10,
            "missile_depletion_count": 0,
            "aircraft_collided_count": 0,
            "reward_default": -36.51714513025938,
            "reward_attack": -1.0,
            "reward_evade": 1.0
        },
        "recent": {
            "episodes": 50,
            "abnormal": [],
            "red": {
                "win": 50,
                "lose": 0,
                "draw": 0,
                "reward": 0.30170671733267795,
                "reward_default": 0.30170671733267795,
                "reward_evade": 0.0,
                "reward_attack": 0.5,
                "win_rate": 1.0,
                "lose_rate": 0.0,
                "draw_rate": 0.0,
                "reward_win_rate": 0.0,
                "reward_lose_rate": 0.0,
                "reward_draw_rate": 0.0,
                "destroyed_count": 0.0,
                "missile_fired_count": 1.2,
                "missile_fire_fail_count": 0.0,
                "missile_hit_self_count": 0.0,
                "missile_hit_enemy_count": 1.02,
                "missile_miss_count": 0.18,
                "missile_evade_success_count": 1.94,
                "home_returned_count": 0.34,
                "aircraft_collided_count": 0.0
            },
            "blue": {
                "win": 0,
                "lose": 50,
                "draw": 0,
                "reward": -0.1206826869330655,
                "reward_default": -0.1206826869330655,
                "reward_attack": 0.0,
                "reward_evade": -1.0,
                "win_rate": 0.0,
                "lose_rate": 1.0,
                "draw_rate": 0.0,
                "reward_win_rate": 0.0,
                "reward_lose_rate": 0.0,
                "reward_draw_rate": 0.0,
                "destroyed_count": 1.02,
                "missile_fired_count": 1.94,
                "missile_fire_fail_count": 0.0,
                "missile_hit_self_count": 1.02,
                "missile_hit_enemy_count": 0.0,
                "missile_miss_count": 1.94,
                "missile_evade_success_count": 0.18,
                "home_returned_count": 0.0,
                "aircraft_collided_count": 0.0
            },
            "agent": {
                "blue_1": {
                    "destroyed_count": 0.02,
                    "missile_fired_count": 0.04,
                    "missile_fire_fail_count": 0.0,
                    "missile_hit_self_count": 0.02,
                    "missile_hit_enemy_count": 0.0,
                    "missile_miss_count": 0.04,
                    "missile_evade_success_count": 0.0,
                    "home_returned_count": 0.0,
                    "aircraft_collided_count": 0.0
                },
                "red_1": {
                    "destroyed_count": 0.0,
                    "missile_fired_count": 0.02,
                    "missile_fire_fail_count": 0.0,
                    "missile_hit_self_count": 0.0,
                    "missile_hit_enemy_count": 0.02,
                    "missile_miss_count": 0.0,
                    "missile_evade_success_count": 0.04,
                    "home_returned_count": 0.04,
                    "aircraft_collided_count": 0.0
                }
            }
        },
        "agent": {
            "blue_1": {
                "destroyed_count": 1,
                "missile_fired_count": 2,
                "missile_fire_fail_count": 0,
                "missile_hit_self_count": 1,
                "missile_hit_enemy_count": 0,
                "missile_miss_count": 2,