{
    "win": 50,
    "lose": 0,
    "draw": 0,
    "reward": -3.1263902441896363,
    "reward_attack": 0.0,
    "reward_evade": -1.0,
    "reward_default": -2.1263902441896363,
    "win_rate": 1.0,
    "lose_rate": 0.0,
    "draw_rate": 0.0,
    "reward_win_rate": 0.0,
    "reward_lose_rate": 0.0,
    "reward_draw_rate": 0.0,
    "destroyed_count": 0.0,
    "missile_fired_count": 1.02,
    "missile_fire_fail_count": 0.0,
    "missile_hit_self_count": 0.0,
    "missile_hit_enemy_count": 1.02,
    "missile_miss_count": 0.0,
    "missile_evade_success_count": 1.58,
    "home_returned_count": 0.42,
    "aircraft_collided_count": 0.0,
    "agent": {
        "name": "red_1",
        "type": "aircraft",
        "color": "red",
        "speed": 200,
        "turn_radius": 453.51473922902494,
        "collision_radius": 20.0,
        "indestructible": false,
        "waypoint": "x: -13315.642, y: -2442.994, psi: 165.392",
        "destroyed": false,
        "destroyed_reason": [],
        "destroyed_count": 0,
        "destroyed_time": 0,
        "survival_time": 105.99999999999825,
        "waiting_actions": [],
        "consumed_actions": [
            "(91, (<Actions.go_to_location: 1>, -13772.918529483171, -2183.0416298986393))",
            "(92, (<Actions.go_to_location: 1>, -13711.707952463998, -2220.361849646768))",
            "(93, (<Actions.go_to_location: 1>, -11861.334, -642.752))",
            "(94, (<Actions.go_to_location: 1>, -13589.141538948703, -2310.3485014837197))",
            "(95, (<Actions.go_to_location: 1>, -13527.916575394995, -2355.2629604755202))",
            "(96, (<Actions.go_to_location: 1>, -13471.94869414049, -2407.2372616005287))",
            "(97, (<Actions.go_to_location: 1>, -13421.828314481703, -2464.8453161802563))",
            "(98, (<Actions.go_to_location: 1>, -13415.931125606428, -2533.086691669192))",
            "(99, (<Actions.go_to_location: 1>, -13339.534014717976, -2590.626561643105))",
            "(100, (<Actions.go_to_location: 1>, -13237.357578596702, -2743.3522249425373))"
        ],
        "is_in_game_range": true,
        "missile_count": 999,
        "fuel": 179893.99999999383,
        "fuel_consumption_rate": 1,
        "radar_radius": 30000,
        "last_fire_missile_time": 85.09999999999944,
        "missile_hit_enemy": [
            [
                "red_1_missile_0",
                "blue_1"
            ]
        ],
        "missile_hit_enemy_count": 1,
        "missile_hit_self": [],
        "missile_hit_self_count": 0,
        "missile_miss": [],
        "missile_miss_count": 0,
        "missile_evade_success": [
            "blue_1_missile_0"
        ],
        "missile_evade_success_count": 1,
        "missile_fired": [
            "red_1_missile_0"
        ],
        "missile_fired_count": 1,
        "missile_fire_fail_count": 0,
        "aircraft_collided_count": 0,
        "home_returned_count": 4
    },
    "game_info": {
        "episode": 1750,
        "red": {
            "win": 945,
            "lose": 0,
            "draw": 805,
            "reward": 93.90295454998319,
            "win_rate": 0.54,
            "lose_rate": 0.0,
            "draw_rate": 0.46,
            "destroyed_count": 0,
            "missile_fired_count": 1,
            "missile_fire_fail_count": 0,
            "missile_hit_self_count": 0,
            "missile_hit_enemy_count": 1,
            "missile_miss_count": 0,
            "missile_evade_success_count": 1,
            "home_returned_count": 4,
            "missile_count": 999,
            "missile_depletion_count": 0,
            "aircraft_collided_count": 0,
            "reward_attack": 1.0,
            "reward_evade": 1.0,
            "reward_default": 91.90295454998319
        },
        "blue": {
            "win": 0,
            "lose": 945,
            "draw": 805,
            "reward": 1.0,
            "win_rate": 0.0,
            "lose_rate": 0.54,
            "draw_rate": 0.46,
            "destroyed_count": 1,
            "missile_fired_count": 1,
            "missile_fire_fail_count": 0,
            "missile_hit_self_count": 1,
            "missile_hit_enemy_count": 0,
            "missile_miss_count": 1,
            "missile_evade_success_count": 0,
            "home_returned_count": 0,
            "missile_count": 999,
            "missile_depletion_count": 0,
            "aircraft_collided_count": 0,
            "reward_attack": 1.0
        },
        "recent": {
            "episodes": 50,
            "abnormal": [],
            "red": {
                "win": 50,
                "lose": 0,
                "draw": 0,
                "reward": -3.1263902441896363,
                "reward_attack": 0.0,
                "reward_evade": -1.0,
                "reward_default": -2.1263902441896363,
                "win_rate": 1.0,
                "lose_rate": 0.0,
                "draw_rate": 0.0,
                "reward_win_rate": 0.0,
                "reward_lose_rate": 0.0,
                "reward_draw_rate": 0.0,
                "destroyed_count": 0.0,
                "missile_fired_count": 1.02,
                "missile_fire_fail_count": 0.0,
                "missile_hit_self_count": 0.0,
                "missile_hit_enemy_count": 1.02,
                "missile_miss_count": 0.0,
                "missile_evade_success_count": 1.58,
                "home_returned_count": 0.42,
                "aircraft_collided_count": 0.0
            },
            "blue": {
                "win": 0,
                "lose": 50,
                "draw": 0,
                "reward": 0.0,
                "reward_attack": 0.0,
                "win_rate": 0.0,
                "lose_rate": 1.0,
                "draw_rate": 0.0,
                "reward_win_rate": 0.0,
                "reward_lose_rate": 0.0,
                "reward_draw_rate": 0.0,
                "destroyed_count": 1.02,
                "missile_fired_count": 1.58,
                "missile_fire_fail_count": 0.0,
                "missile_hit_self_count": 1.02,
                "missile_hit_enemy_count": 0.0,
                "missile_miss_count": 1.58,
                "missile_evade_success_count": 0.0,
                "home_returned_count": 0.0,
                "aircraft_collided_count": 0.0
            },
            "agent": {
                "blue_1": {
                    "destroyed_count": 0.02,
                    "missile_fired_count": 0.02,
                    "missile_fire_fail_count": 0.0,
                    "missile_hit_self_count": 0.02,
                    "missile_hit_enemy_count": 0.0,
                    "missile_miss_count": 0.02,
                    "missile_evade_success_count": 0.0,
                    "home_returned_count": 0.0,
                    "aircraft_collided_count": 0.0
                },
                "red_1": {
                    "destroyed_count": 0.0,
                    "missile_fired_count": 0.02,
                    "missile_fire_fail_count": 0.0,
                    "missile_hit_self_count": 0.0,
                    "missile_hit_enemy_count": 0.02,
                    "missile_miss_count": 0.0,
                    "missile_evade_success_count": 0.02,
                    "home_returned_count": 0.08,
                    "aircraft_collided_count": 0.0
                }
            }
        },
        "agent": {
            "blue_1": {
                "destroyed_count": 1,
                "missile_fired_count": 1,
                "missile_fire_fail_count": 0,
                "missile_hit_self_count": 1,
                "missile_hit_enemy_count": 0,
                "missile_miss_count": 1,
                "missile_evade_success_count": 0,
                "home_returned_count": 0,
                "missile_count": 999,
                "missile_depletion_count": 0,
                "aircraft_collided_count": 0,
                "reward": 1.0,
                "reward_attack": 1.0
            },
            "red_1": {
                "destroyed_count": 0,