{
    "win": 49,
    "lose": 1,
    "draw": 0,
    "reward": 3.8910225876739872,
    "reward_default": 3.4910225876739958,
    "reward_attack": 0.3999999999999999,
    "reward_evade": 0.0,
    "win_rate": 0.98,
    "lose_rate": 0.02,
    "draw_rate": 0.0,
    "reward_win_rate": 0.0,
    "reward_lose_rate": 0.0,
    "reward_draw_rate": 0.0,
    "destroyed_count": 0.02,
    "missile_fired_count": 4.46,
    "missile_fire_fail_count": 0.0,
    "missile_hit_self_count": 0.02,
    "missile_hit_enemy_count": 1.0,
    "missile_miss_count": 3.46,
    "missile_evade_success_count": 12.22,
    "home_returned_count": 0.44,
    "aircraft_collided_count": 0.0,
    "agent": {
        "name": "red_1",
        "type": "aircraft",
        "color": "red",
        "speed": 200,
        "turn_radius": 453.51473922902494,
        "collision_radius": 20.0,
        "indestructible": false,
        "waypoint": "x: 2898.965, y: -3948.998, psi: 70.782",
        "destroyed": false,
        "destroyed_reason": [],
        "destroyed_count": 0,
        "destroyed_time": 0,
        "survival_time": 426.6000000000285,
        "waiting_actions": [],
        "consumed_actions": [
            "(416, (<Actions.go_to_location: 1>, 3403.167, -2940.319))",
            "(417, (<Actions.go_to_location: 1>, 3416.416, -2878.104))",
            "(418, (<Actions.go_to_location: 1>, 3438.239, -2818.355))",
            "(419, (<Actions.go_to_location: 1>, 3468.207, -2762.247))",
            "(420, (<Actions.fire_missile: 2>, 3505.731, -2710.884))",
            "(420, (<Actions.go_to_location: 1>, 3505.731, -2710.884))",
            "(422, (<Actions.go_to_location: 1>, 3817.490699756024, -4858.010005898454))",
            "(424, (<Actions.go_to_location: 1>, 3902.3263458112297, -4749.558971334568))",
            "(425, (<Actions.go_to_location: 1>, 3964.4265827922036, -4687.387501145285))",
            "(426, (<Actions.go_to_location: 1>, 4037.295264913066, -4621.244689412744))"
        ],
        "is_in_game_range": true,
        "missile_count": 4,
        "fuel": 179573.39999997517,
        "fuel_consumption_rate": 1,
        "radar_radius": 30000,
        "last_fire_missile_time": 419.6000000000269,
        "missile_hit_enemy": [
            [
                "red_1_missile_7",
                "blue_1"
            ]
        ],
        "missile_hit_enemy_count": 1,
        "missile_hit_self": [],
        "missile_hit_self_count": 0,
        "missile_miss": [
            "red_1_missile_0",
            "red_1_missile_1",
            "red_1_missile_2",
            "red_1_missile_3",
            "red_1_missile_4",
            "red_1_missile_5",
            "red_1_missile_6"
        ],
        "missile_miss_count": 7,
        "missile_evade_success": [
            "blue_1_missile_0",
            "blue_1_missile_1",
            "blue_1_missile_2",
            "blue_1_missile_3",
            "blue_1_missile_4",
            "blue_1_missile_5",
            "blue_1_missile_6",
            "blue_1_missile_7",
            "blue_1_missile_8",
            "blue_1_missile_9",
            "blue_1_missile_10",
            "blue_1_missile_11"
        ],
        "missile_evade_success_count": 12,
        "missile_fired": [
            "red_1_missile_0",
            "red_1_missile_1",
            "red_1_missile_2",
            "red_1_missile_3",
            "red_1_missile_4",
            "red_1_missile_5",
            "red_1_missile_6",
            "red_1_missile_7"
        ],
        "missile_fired_count": 8,
        "missile_fire_fail_count": 0,
        "aircraft_collided_count": 0,
        "home_returned_count": 1
    },
    "game_info": {
        "episode": 2200,
        "red": {
            "win": 1486,
            "lose": 545,
            "draw": 169,
            "reward": 75.05763995018296,
            "win_rate": 0.6754545454545454,
            "lose_rate": 0.24772727272727274,
            "draw_rate": 0.07681818181818181,
            "destroyed_count": 0,
            "missile_fired_count": 8,
            "missile_fire_fail_count": 0,
            "missile_hit_self_count": 0,
            "missile_hit_enemy_count": 1,
            "missile_miss_count": 7,
            "missile_evade_success_count": 12,
            "home_returned_count": 1,
            "missile_count": 4,
            "missile_depletion_count": 0,
            "aircraft_collided_count": 0,
            "reward_default": 74.55763995018296,
            "reward_attack": -0.7,
            "reward_evade": 1.2
        },
        "blue": {
            "win": 545,
            "lose": 1486,
            "draw": 169,
            "reward": -30.323055980073185,
            "win_rate": 0.24772727272727274,
            "lose_rate": 0.6754545454545454,
            "draw_rate": 0.07681818181818181,
            "destroyed_count": 1,
            "missile_fired_count": 12,
            "missile_fire_fail_count": 0,
            "missile_hit_self_count": 1,
            "missile_hit_enemy_count": 0,
            "missile_miss_count": 12,
            "missile_evade_success_count": 7,
            "home_returned_count": 0,
            "missile_count": 0,
            "missile_depletion_count": 0,
            "aircraft_collided_count": 0,
            "reward_default": -29.823055980073185,
            "reward_evade": 0.7,
            "reward_attack": -1.2
        },
        "recent": {
            "episodes": 50,
            "abnormal": [],
            "red": {
                "win": 49,
                "lose": 1,
                "draw": 0,
                "reward": 3.8910225876739872,
                "reward_default": 3.4910225876739958,
                "reward_attack": 0.3999999999999999,
                "reward_evade": 0.0,
                "win_rate": 0.98,
                "lose_rate": 0.02,
                "draw_rate": 0.0,
                "reward_win_rate": 0.0,
                "reward_lose_rate": 0.0,
                "reward_draw_rate": 0.0,
                "destroyed_count": 0.02,
                "missile_fired_count": 4.46,
                "missile_fire_fail_count": 0.0,
                "missile_hit_self_count": 0.02,
                "missile_hit_enemy_count": 1.0,
                "missile_miss_count": 3.46,
                "missile_evade_success_count": 12.22,
                "home_returned_count": 0.44,
                "aircraft_collided_count": 0.0
            },
            "blue": {
                "win": 1,
                "lose": 49,
                "draw": 0,
                "reward": -1.7964090350696047,
                "reward_default": -1.3964090350696026,
                "reward_evade": -0.3999999999999999,
                "reward_attack": 0.0,
                "win_rate": 0.02,
                "lose_rate": 0.98,
                "draw_rate": 0.0,
                "reward_win_rate": 0.0,
                "reward_lose_rate": 0.0,
                "reward_draw_rate": 0.0,
                "destroyed_count": 1.0,
                "missile_fired_count": 12.24,
                "missile_fire_fail_count": 0.0,
                "missile_hit_self_count": 1.0,
                "missile_hit_enemy_count": 0.02,
                "missile_miss_count": 12.22,
                "missile_evade_success_count": 3.46,
                "home_returned_count": 0.0,
                "aircraft_collided_count": 0.0
            },
            "agent": {
                "blue_1": {
                    "destroyed_count": 0.02,
                    "missile_fired_count": 0.24,
                    "missile_fire_fail_count": 0.0,
                    "missile_hit_self_count": 0.02,
                    "missile_hit_enemy_count": 0.0,
                    "missile_miss_count": 0.24,
                    "missile_evade_success_count": 0.14,
                    "home_returned_count": 0.0,
                    "aircraft_collided_count": 0.0
                },
                "red_1": {
                    "destroyed_count": 0.0,
                    "missile_fired_count": 0.16,