{
    "win": 48,
    "lose": 2,
    "draw": 0,
    "reward": 1.331609817607017,
    "reward_default": 1.331609817607017,
    "reward_evade": 0.0,
    "reward_attack": 0.0,
    "win_rate": 0.96,
    "lose_rate": 0.04,
    "draw_rate": 0.0,
    "reward_win_rate": 0.0,
    "reward_lose_rate": 0.0,
    "reward_draw_rate": 0.0,
    "destroyed_count": 0.04,
    "missile_fired_count": 1.12,
    "missile_fire_fail_count": 0.0,
    "missile_hit_self_count": 0.04,
    "missile_hit_enemy_count": 0.98,
    "missile_miss_count": 0.18,
    "missile_evade_success_count": 12.0,
    "home_returned_count": 0.52,
    "aircraft_collided_count": 0.0,
    "agent": {
        "name": "red_1",
        "type": "aircraft",
        "color": "red",
        "speed": 200,
        "turn_radius": 453.51473922902494,
        "collision_radius": 20.0,
        "indestructible": false,
        "waypoint": "x: -1869.304, y: -13201.338, psi: 143.014",
        "destroyed": false,
        "destroyed_reason": [],
        "destroyed_count": 0,
        "destroyed_time": 0,
        "survival_time": 322.60000000000485,
        "waiting_actions": [],
        "consumed_actions": [
            "(312, (<Actions.go_to_location: 1>, -1778.9596059579194, -13756.364554299551))",
            "(313, (<Actions.go_to_location: 1>, -1709.2403331897845, -13766.396661122595))",
            "(314, (<Actions.go_to_location: 1>, -1641.5767454899324, -13784.443908210362))",
            "(316, (<Actions.go_to_location: 1>, -1518.099738050817, -13843.224863298901))",
            "(317, (<Actions.go_to_location: 1>, -565.301, -11637.501))",
            "(318, (<Actions.go_to_location: 1>, -1412.2048311958206, -13922.845634354337))",
            "(319, (<Actions.go_to_location: 1>, -1360.013224743063, -13963.037718881278))",
            "(320, (<Actions.go_to_location: 1>, -1283.757935256824, -14039.247513048875))",
            "(321, (<Actions.go_to_location: 1>, -364.124, -11885.035))",
            "(322, (<Actions.go_to_location: 1>, -1104.2457663619418, -14217.135186268633))"
        ],
        "is_in_game_range": true,
        "missile_count": 11,
        "fuel": 179677.39999998122,
        "fuel_consumption_rate": 1,
        "radar_radius": 30000,
        "last_fire_missile_time": 307.60000000000144,
        "missile_hit_enemy": [
            [
                "red_1_missile_0",
                "blue_1"
            ]
        ],
        "missile_hit_enemy_count": 1,
        "missile_hit_self": [],
        "missile_hit_self_count": 0,
        "missile_miss": [],
        "missile_miss_count": 0,
        "missile_evade_success": [
            "blue_1_missile_0",
            "blue_1_missile_1",
            "blue_1_missile_2",
            "blue_1_missile_3",
            "blue_1_missile_4",
            "blue_1_missile_5",
            "blue_1_missile_6",
            "blue_1_missile_7",
            "blue_1_missile_8",
            "blue_1_missile_9",
            "blue_1_missile_10",
            "blue_1_missile_11"
        ],
        "missile_evade_success_count": 12,
        "missile_fired": [
            "red_1_missile_0"
        ],
        "missile_fired_count": 1,
        "missile_fire_fail_count": 0,
        "aircraft_collided_count": 0,
        "home_returned_count": 2
    },
    "game_info": {
        "episode": 800,
        "red": {
            "win": 478,
            "lose": 280,
            "draw": 42,
            "reward": 91.20547929504986,
            "win_rate": 0.5975,
            "lose_rate": 0.35,
            "draw_rate": 0.0525,
            "destroyed_count": 0,
            "missile_fired_count": 1,
            "missile_fire_fail_count": 0,
            "missile_hit_self_count": 0,
            "missile_hit_enemy_count": 1,
            "missile_miss_count": 0,
            "missile_evade_success_count": 12,
            "home_returned_count": 2,
            "missile_count": 11,
            "missile_depletion_count": 0,
            "aircraft_collided_count": 0,
            "reward_default": 79.20547929504986,
            "reward_evade": 12.0,
            "reward_attack": -0.5
        },
        "blue": {
            "win": 280,
            "lose": 478,
            "draw": 42,
            "reward": -37.68219171801994,
            "win_rate": 0.35,
            "lose_rate": 0.5975,
            "draw_rate": 0.0525,
            "destroyed_count": 1,
            "missile_fired_count": 12,
            "missile_fire_fail_count": 0,
            "missile_hit_self_count": 1,
            "missile_hit_enemy_count": 0,
            "missile_miss_count": 12,
            "missile_evade_success_count": 0,
            "home_returned_count": 0,
            "missile_count": 0,
            "missile_depletion_count": 0,
            "aircraft_collided_count": 0,
            "reward_default": -31.682191718019943,
            "reward_attack": -6.0,
            "reward_evade": 1.0
        },
        "recent": {
            "episodes": 50,
            "abnormal": [],
            "red": {
                "win": 48,
                "lose": 2,
                "draw": 0,
                "reward": 1.331609817607017,
                "reward_default": 1.331609817607017,
                "reward_evade": 0.0,
                "reward_attack": 0.0,
                "win_rate": 0.96,
                "lose_rate": 0.04,
                "draw_rate": 0.0,
                "reward_win_rate": 0.0,
                "reward_lose_rate": 0.0,
                "reward_draw_rate": 0.0,
                "destroyed_count": 0.04,
                "missile_fired_count": 1.12,
                "missile_fire_fail_count": 0.0,
                "missile_hit_self_count": 0.04,
                "missile_hit_enemy_count": 0.98,
                "missile_miss_count": 0.18,
                "missile_evade_success_count": 12.0,
                "home_returned_count": 0.52,
                "aircraft_collided_count": 0.0
            },
            "blue": {
                "win": 2,
                "lose": 48,
                "draw": 0,
                "reward": -0.5326439270428054,
                "reward_default": -0.5326439270428054,
                "reward_attack": 0.0,
                "reward_evade": 0.0,
                "win_rate": 0.04,
                "lose_rate": 0.96,
                "draw_rate": 0.0,
                "reward_win_rate": 0.0,
                "reward_lose_rate": 0.0,
                "reward_draw_rate": 0.0,
                "destroyed_count": 0.98,
                "missile_fired_count": 12.04,
                "missile_fire_fail_count": 0.0,
                "missile_hit_self_count": 0.98,
                "missile_hit_enemy_count": 0.04,
                "missile_miss_count": 12.0,
                "missile_evade_success_count": 0.18,
                "home_returned_count": 0.0,
                "aircraft_collided_count": 0.0
            },
            "agent": {
                "blue_1": {
                    "destroyed_count": 0.02,
                    "missile_fired_count": 0.24,
                    "missile_fire_fail_count": 0.0,
                    "missile_hit_self_count": 0.02,
                    "missile_hit_enemy_count": 0.0,
                    "missile_miss_count": 0.24,
                    "missile_evade_success_count": 0.0,
                    "home_returned_count": 0.0,
                    "aircraft_collided_count": 0.0
                },
                "red_1": {
                    "destroyed_count": 0.0,
                    "missile_fired_count": 0.02,
                    "missile_fire_fail_count": 0.0,
                    "missile_hit_self_count": 0.0,
                    "missile_hit_enemy_count": 0.02,
                    "missile_miss_count": 0.0,
                    "missile_evade_success_count": 0.24,
                    "home_returned_count": 0.04,
                    "aircraft_collided_count": 0.0
                }
            }
        },
        "agent": {
            "blue_1": {
                "destroyed_count": 1,