{
    "win": 2,
    "lose": 48,
    "draw": 0,
    "reward": 7.235293305327481,
    "reward_default": 7.13529330532748,
    "reward_evade": 0.0,
    "reward_attack": 0.1,
    "win_rate": 0.04,
    "lose_rate": 0.96,
    "draw_rate": 0.0,
    "reward_win_rate": 0.0,
    "reward_lose_rate": 0.0,
    "reward_draw_rate": 0.0,
    "destroyed_count": 0.98,
    "missile_fired_count": 1.64,
    "missile_fire_fail_count": 0.0,
    "missile_hit_self_count": 0.98,
    "missile_hit_enemy_count": 0.04,
    "missile_miss_count": 1.6,
    "missile_evade_success_count": 1.04,
    "home_returned_count": 0.92,
    "aircraft_collided_count": 0.0,
    "agent": {
        "name": "red_1",
        "type": "aircraft",
        "color": "red",
        "speed": 200,
        "turn_radius": 453.51473922902494,
        "collision_radius": 20.0,
        "indestructible": false,
        "waypoint": "x: -10304.484, y: 182.621, psi: 129.596",
        "destroyed": true,
        "destroyed_reason": [
            [
                "collided with missile",
                "blue_1_missile_0"
            ]
        ],
        "destroyed_count": 1,
        "destroyed_time": 0,
        "survival_time": 66.4000000000005,
        "waiting_actions": [],
        "consumed_actions": [
            "(54, (<Actions.go_to_location: 1>, -10915.908266824608, -758.4317987545628))",
            "(55, (<Actions.go_to_location: 1>, -10832.82255160906, 1923.2953684061108))",
            "(56, (<Actions.go_to_location: 1>, -10776.481953936274, 1884.0724770244578))",
            "(57, (<Actions.go_to_location: 1>, -8740.229, 496.348))",
            "(58, (<Actions.go_to_location: 1>, -10689.206009549562, -892.3407050734074))",
            "(60, (<Actions.go_to_location: 1>, -10558.601737960686, -947.815877830689))",
            "(62, (<Actions.go_to_location: 1>, -10552.194290534993, 1685.9950520371742))",
            "(63, (<Actions.go_to_location: 1>, -10520.98367775517, 1639.3946373653314))",
            "(64, (<Actions.go_to_location: 1>, -10223.431826266931, -1108.8422832461013))",
            "(65, (<Actions.go_to_location: 1>, -8332.871, 391.322))"
        ],
        "is_in_game_range": true,
        "missile_count": 11,
        "fuel": 179934.29999999618,
        "fuel_consumption_rate": 1,
        "radar_radius": 30000,
        "last_fire_missile_time": 46.20000000000039,
        "missile_hit_enemy": [],
        "missile_hit_enemy_count": 0,
        "missile_hit_self": [
            "blue_1_missile_0"
        ],
        "missile_hit_self_count": 1,
        "missile_miss": [
            "red_1_missile_0"
        ],
        "missile_miss_count": 1,
        "missile_evade_success": [],
        "missile_evade_success_count": 0,
        "missile_fired": [
            "red_1_missile_0"
        ],
        "missile_fired_count": 1,
        "missile_fire_fail_count": 0,
        "aircraft_collided_count": 0,
        "home_returned_count": 0
    },
    "game_info": {
        "episode": 1750,
        "red": {
            "win": 6,
            "lose": 1742,
            "draw": 2,
            "reward": -59.004742231393685,
            "win_rate": 0.0034285714285714284,
            "lose_rate": 0.9954285714285714,
            "draw_rate": 0.001142857142857143,
            "destroyed_count": 1,
            "missile_fired_count": 1,
            "missile_fire_fail_count": 0,
            "missile_hit_self_count": 1,
            "missile_hit_enemy_count": 0,
            "missile_miss_count": 1,
            "missile_evade_success_count": 0,
            "home_returned_count": 0,
            "missile_count": 11,
            "missile_depletion_count": 0,
            "aircraft_collided_count": 0,
            "reward_default": -58.90474223139368,
            "reward_evade": 0.1,
            "reward_attack": -0.1
        },
        "blue": {
            "win": 1742,
            "lose": 6,
            "draw": 2,
            "reward": 94.86185557848421,
            "win_rate": 0.9954285714285714,
            "lose_rate": 0.0034285714285714284,
            "draw_rate": 0.001142857142857143,
            "destroyed_count": 0,
            "missile_fired_count": 1,
            "missile_fire_fail_count": 0,
            "missile_hit_self_count": 0,
            "missile_hit_enemy_count": 1,
            "missile_miss_count": 0,
            "missile_evade_success_count": 1,
            "home_returned_count": 0,
            "missile_count": 11,
            "missile_depletion_count": 0,
            "aircraft_collided_count": 0,
            "reward_default": 94.76185557848422,
            "reward_attack": -0.1,
            "reward_evade": 0.1
        },
        "recent": {
            "episodes": 50,
            "abnormal": [],
            "red": {
                "win": 2,
                "lose": 48,
                "draw": 0,
                "reward": 7.235293305327481,
                "reward_default": 7.13529330532748,
                "reward_evade": 0.0,
                "reward_attack": 0.1,
                "win_rate": 0.04,
                "lose_rate": 0.96,
                "draw_rate": 0.0,
                "reward_win_rate": 0.0,
                "reward_lose_rate": 0.0,
                "reward_draw_rate": 0.0,
                "destroyed_count": 0.98,
                "missile_fired_count": 1.64,
                "missile_fire_fail_count": 0.0,
                "missile_hit_self_count": 0.98,
                "missile_hit_enemy_count": 0.04,
                "missile_miss_count": 1.6,
                "missile_evade_success_count": 1.04,
                "home_returned_count": 0.92,
                "aircraft_collided_count": 0.0
            },
            "blue": {
                "win": 48,
                "lose": 2,
                "draw": 0,
                "reward": 2.0617667366812924,
                "reward_default": 2.161766736681301,
                "reward_attack": 0.0,
                "reward_evade": -0.1,
                "win_rate": 0.96,
                "lose_rate": 0.04,
                "draw_rate": 0.0,
                "reward_win_rate": 0.0,
                "reward_lose_rate": 0.0,
                "reward_draw_rate": 0.0,
                "destroyed_count": 0.04,
                "missile_fired_count": 2.0,
                "missile_fire_fail_count": 0.0,
                "missile_hit_self_count": 0.04,
                "missile_hit_enemy_count": 0.98,
                "missile_miss_count": 1.04,
                "missile_evade_success_count": 1.6,
                "home_returned_count": 0.0,
                "aircraft_collided_count": 0.0
            },
            "agent": {
                "blue_1": {
                    "destroyed_count": 0.0,
                    "missile_fired_count": 0.02,
                    "missile_fire_fail_count": 0.0,
                    "missile_hit_self_count": 0.0,
                    "missile_hit_enemy_count": 0.02,
                    "missile_miss_count": 0.0,
                    "missile_evade_success_count": 0.02,
                    "home_returned_count": 0.0,
                    "aircraft_collided_count": 0.0
                },
                "red_1": {
                    "destroyed_count": 0.02,
                    "missile_fired_count": 0.02,
                    "missile_fire_fail_count": 0.0,
                    "missile_hit_self_count": 0.02,
                    "missile_hit_enemy_count": 0.0,
                    "missile_miss_count": 0.02,
                    "missile_evade_success_count": 0.0,
                    "home_returned_count": 0.0,
                    "aircraft_collided_count": 0.0
                }
            }
        },
        "agent": {
            "blue_1": {
                "destroyed_count": 0,
                "missile_fired_count": 1,
                "missile_fire_fail_count": 0,
                "missile_hit_self_count": 0,
                "missile_hit_enemy_count": 1,
                "missile_miss_count": 0,
                "missile_evade_success_count": 1,