{
    "win": 50,
    "lose": 0,
    "draw": 0,
    "reward": -1.7405139297305254,
    "reward_win": 0,
    "reward_lose": 0,
    "reward_draw": 0,
    "reward_default": -1.7405139297305254,
    "win_rate": 1.0,
    "lose_rate": 0.0,
    "draw_rate": 0.0,
    "reward_win_rate": 0.0,
    "reward_lose_rate": 0.0,
    "reward_draw_rate": 0.0,
    "destroyed_count": 0.0,
    "missile_fired_count": 1.02,
    "missile_fire_fail_count": 0.0,
    "missile_hit_self_count": 0.0,
    "missile_hit_enemy_count": 1.02,
    "missile_miss_count": 0.0,
    "missile_evade_success_count": 1.48,
    "home_returned_count": 0.56,
    "aircraft_collided_count": 0.0,
    "agent": {
        "name": "red_1",
        "type": "aircraft",
        "color": "red",
        "speed": 200,
        "turn_radius": 453.51473922902494,
        "collision_radius": 20.0,
        "indestructible": false,
        "waypoint": "x: -13902.909, y: 2365.111, psi: 149.934",
        "destroyed": false,
        "destroyed_reason": [],
        "destroyed_count": 0,
        "destroyed_time": 0,
        "survival_time": 100.49999999999856,
        "waiting_actions": [],
        "consumed_actions": [
            "(88, (<Actions.go_to_location: 1>, -14340.275767425548, 1741.043068406347))",
            "(89, (<Actions.go_to_location: 1>, -14269.539292433834, 1710.1867818760845))",
            "(91, (<Actions.go_to_location: 1>, -14204.1271520341, 1670.0425495891052))",
            "(92, (<Actions.go_to_location: 1>, -14141.557268588562, 1621.400055697943))",
            "(93, (<Actions.go_to_location: 1>, -14110.714841078225, 1566.5609029755524))",
            "(94, (<Actions.go_to_location: 1>, -14071.019669628035, 1505.005970335817))",
            "(96, (<Actions.go_to_location: 1>, -13889.611813699366, 1371.9356464667128))",
            "(97, (<Actions.go_to_location: 1>, -13658.285635570906, 1238.4752007895077))",
            "(98, (<Actions.go_to_location: 1>, -13396.71047879897, 1253.7121500917694))",
            "(99, (<Actions.go_to_location: 1>, -12784.909754706161, 1698.4227692050913))"
        ],
        "is_in_game_range": true,
        "missile_count": 999,
        "fuel": 179899.49999999415,
        "fuel_consumption_rate": 1,
        "radar_radius": 30000,
        "last_fire_missile_time": 79.59999999999975,
        "missile_hit_enemy": [
            [
                "red_1_missile_0",
                "blue_1"
            ]
        ],
        "missile_hit_enemy_count": 1,
        "missile_hit_self": [],
        "missile_hit_self_count": 0,
        "missile_miss": [],
        "missile_miss_count": 0,
        "missile_evade_success": [
            "blue_1_missile_0"
        ],
        "missile_evade_success_count": 1,
        "missile_fired": [
            "red_1_missile_0"
        ],
        "missile_fired_count": 1,
        "missile_fire_fail_count": 0,
        "aircraft_collided_count": 0,
        "home_returned_count": 2
    },
    "game_info": {
        "episode": 3000,
        "red": {
            "win": 1356,
            "lose": 304,
            "draw": 1340,
            "reward": 94.2888308644423,
            "win_rate": 0.452,
            "lose_rate": 0.10133333333333333,
            "draw_rate": 0.44666666666666666,
            "destroyed_count": 0,
            "missile_fired_count": 1,
            "missile_fire_fail_count": 0,
            "missile_hit_self_count": 0,
            "missile_hit_enemy_count": 1,
            "missile_miss_count": 0,
            "missile_evade_success_count": 1,
            "home_returned_count": 2,
            "missile_count": 999,
            "missile_depletion_count": 0,
            "aircraft_collided_count": 0,
            "reward_win": 381,
            "reward_lose": 299,
            "reward_draw": 0,
            "reward_default": 94.2888308644423,
            "reward_win_rate": 0.1621276595744681,
            "reward_lose_rate": 0.12723404255319148,
            "reward_draw_rate": 0.0
        },
        "blue": {
            "win": 304,
            "lose": 1356,
            "draw": 1340,
            "reward": 1.0,
            "win_rate": 0.10133333333333333,
            "lose_rate": 0.452,
            "draw_rate": 0.44666666666666666,
            "destroyed_count": 1,
            "missile_fired_count": 1,
            "missile_fire_fail_count": 0,
            "missile_hit_self_count": 1,
            "missile_hit_enemy_count": 0,
            "missile_miss_count": 1,
            "missile_evade_success_count": 0,
            "home_returned_count": 0,
            "missile_count": 999,
            "missile_depletion_count": 0,
            "aircraft_collided_count": 0,
            "reward_default": 1.0,
            "reward_win": 299,
            "reward_lose": 381,
            "reward_draw": 0,
            "reward_win_rate": 0.12723404255319148,
            "reward_lose_rate": 0.1621276595744681,
            "reward_draw_rate": 0.0
        },
        "recent": {
            "episodes": 50,
            "abnormal": [],
            "red": {
                "win": 50,
                "lose": 0,
                "draw": 0,
                "reward": -1.7405139297305254,
                "reward_win": 0,
                "reward_lose": 0,
                "reward_draw": 0,
                "reward_default": -1.7405139297305254,
                "win_rate": 1.0,
                "lose_rate": 0.0,
                "draw_rate": 0.0,
                "reward_win_rate": 0.0,
                "reward_lose_rate": 0.0,
                "reward_draw_rate": 0.0,
                "destroyed_count": 0.0,
                "missile_fired_count": 1.02,
                "missile_fire_fail_count": 0.0,
                "missile_hit_self_count": 0.0,
                "missile_hit_enemy_count": 1.02,
                "missile_miss_count": 0.0,
                "missile_evade_success_count": 1.48,
                "home_returned_count": 0.56,
                "aircraft_collided_count": 0.0
            },
            "blue": {
                "win": 0,
                "lose": 50,
                "draw": 0,
                "reward": 0.0,
                "reward_default": 0.0,
                "reward_win": 0,
                "reward_lose": 0,
                "reward_draw": 0,
                "win_rate": 0.0,
                "lose_rate": 1.0,
                "draw_rate": 0.0,
                "reward_win_rate": 0.0,
                "reward_lose_rate": 0.0,
                "reward_draw_rate": 0.0,
                "destroyed_count": 1.02,
                "missile_fired_count": 1.48,
                "missile_fire_fail_count": 0.0,
                "missile_hit_self_count": 1.02,
                "missile_hit_enemy_count": 0.0,
                "missile_miss_count": 1.48,
                "missile_evade_success_count": 0.0,
                "home_returned_count": 0.0,
                "aircraft_collided_count": 0.0
            },
            "agent": {
                "blue_1": {
                    "destroyed_count": 0.02,
                    "missile_fired_count": 0.02,
                    "missile_fire_fail_count": 0.0,
                    "missile_hit_self_count": 0.02,
                    "missile_hit_enemy_count": 0.0,
                    "missile_miss_count": 0.02,
                    "missile_evade_success_count": 0.0,
                    "home_returned_count": 0.0,
                    "aircraft_collided_count": 0.0
                },
                "red_1": {
                    "destroyed_count": 0.0,
                    "missile_fired_count": 0.02,
                    "missile_fire_fail_count": 0.0,
                    "missile_hit_self_count": 0.0,
                    "missile_hit_enemy_count": 0.02,
                    "missile_miss_count": 0.0,
                    "missile_evade_success_count": 0.02,
                    "home_returned_count": 0.04,
                    "aircraft_collided_count": 0.0
                }
            }
        },