{
    "win": 50,
    "lose": 0,
    "draw": 0,
    "reward": -0.0009827420175412271,
    "reward_default": 1.4990172579824588,
    "reward_evade": -2.0,
    "reward_attack": -1.0,
    "win_rate": 1.0,
    "lose_rate": 0.0,
    "draw_rate": 0.0,
    "reward_win_rate": 0.0,
    "reward_lose_rate": 0.0,
    "reward_draw_rate": 0.0,
    "destroyed_count": 0.0,
    "missile_fired_count": 1.22,
    "missile_fire_fail_count": 0.0,
    "missile_hit_self_count": 0.0,
    "missile_hit_enemy_count": 1.02,
    "missile_miss_count": 0.2,
    "missile_evade_success_count": 1.88,
    "home_returned_count": 0.5,
    "aircraft_collided_count": 0.0,
    "agent": {
        "name": "red_1",
        "type": "aircraft",
        "color": "red",
        "speed": 200,
        "turn_radius": 453.51473922902494,
        "collision_radius": 20.0,
        "indestructible": false,
        "waypoint": "x: -12034.627, y: 4960.59, psi: 19.315",
        "destroyed": false,
        "destroyed_reason": [],
        "destroyed_count": 0,
        "destroyed_time": 0,
        "survival_time": 79.59999999999975,
        "waiting_actions": [],
        "consumed_actions": [
            "(65, (<Actions.go_to_location: 1>, -12479.89428291123, 4526.17642933445))",
            "(66, (<Actions.go_to_location: 1>, -12418.518010334237, 4568.368957032908))",
            "(68, (<Actions.go_to_location: 1>, -12362.76359600395, 4618.249559226928))",
            "(69, (<Actions.go_to_location: 1>, -12313.589960259744, 4674.545200256474))",
            "(70, (<Actions.go_to_location: 1>, -12271.768539519486, 4735.811322429594))",
            "(71, (<Actions.go_to_location: 1>, -12237.78232709909, 4800.450250225766))",
            "(72, (<Actions.go_to_location: 1>, -12162.352455832362, 4972.738529742559))",
            "(73, (<Actions.go_to_location: 1>, -12073.512893565023, 5145.375731781052))",
            "(74, (<Actions.go_to_location: 1>, -11973.268186480662, 5307.765970516977))",
            "(75, (<Actions.go_to_location: 1>, -11860.047258411354, 5458.680165251693))"
        ],
        "is_in_game_range": true,
        "missile_count": 11,
        "fuel": 179920.39999999537,
        "fuel_consumption_rate": 1,
        "radar_radius": 30000,
        "last_fire_missile_time": 59.20000000000057,
        "missile_hit_enemy": [
            [
                "red_1_missile_0",
                "blue_1"
            ]
        ],
        "missile_hit_enemy_count": 1,
        "missile_hit_self": [],
        "missile_hit_self_count": 0,
        "missile_miss": [],
        "missile_miss_count": 0,
        "missile_evade_success": [
            "blue_1_missile_0"
        ],
        "missile_evade_success_count": 1,
        "missile_fired": [
            "red_1_missile_0"
        ],
        "missile_fired_count": 1,
        "missile_fire_fail_count": 0,
        "aircraft_collided_count": 0,
        "home_returned_count": 0
    },
    "game_info": {
        "episode": 1300,
        "red": {
            "win": 1023,
            "lose": 140,
            "draw": 137,
            "reward": 94.78784812242476,
            "win_rate": 0.786923076923077,
            "lose_rate": 0.1076923076923077,
            "draw_rate": 0.10538461538461538,
            "destroyed_count": 0,
            "missile_fired_count": 1,
            "missile_fire_fail_count": 0,
            "missile_hit_self_count": 0,
            "missile_hit_enemy_count": 1,
            "missile_miss_count": 0,
            "missile_evade_success_count": 1,
            "home_returned_count": 0,
            "missile_count": 11,
            "missile_depletion_count": 0,
            "aircraft_collided_count": 0,
            "reward_default": 93.78784812242476,
            "reward_evade": 1.0,
            "reward_attack": -1.5
        },
        "blue": {
            "win": 140,
            "lose": 1023,
            "draw": 137,
            "reward": -38.0151392489699,
            "win_rate": 0.1076923076923077,
            "lose_rate": 0.786923076923077,
            "draw_rate": 0.10538461538461538,
            "destroyed_count": 1,
            "missile_fired_count": 1,
            "missile_fire_fail_count": 0,
            "missile_hit_self_count": 1,
            "missile_hit_enemy_count": 0,
            "missile_miss_count": 1,
            "missile_evade_success_count": 0,
            "home_returned_count": 0,
            "missile_count": 11,
            "missile_depletion_count": 0,
            "aircraft_collided_count": 0,
            "reward_default": -37.5151392489699,
            "reward_attack": -0.5,
            "reward_evade": 3.0
        },
        "recent": {
            "episodes": 50,
            "abnormal": [],
            "red": {
                "win": 50,
                "lose": 0,
                "draw": 0,
                "reward": -0.0009827420175412271,
                "reward_default": 1.4990172579824588,
                "reward_evade": -2.0,
                "reward_attack": -1.0,
                "win_rate": 1.0,
                "lose_rate": 0.0,
                "draw_rate": 0.0,
                "reward_win_rate": 0.0,
                "reward_lose_rate": 0.0,
                "reward_draw_rate": 0.0,
                "destroyed_count": 0.0,
                "missile_fired_count": 1.22,
                "missile_fire_fail_count": 0.0,
                "missile_hit_self_count": 0.0,
                "missile_hit_enemy_count": 1.02,
                "missile_miss_count": 0.2,
                "missile_evade_success_count": 1.88,
                "home_returned_count": 0.5,
                "aircraft_collided_count": 0.0
            },
            "blue": {
                "win": 0,
                "lose": 50,
                "draw": 0,
                "reward": -0.5996069031929778,
                "reward_default": -0.5996069031929778,
                "reward_attack": 1.0,
                "reward_evade": 2.0,
                "win_rate": 0.0,
                "lose_rate": 1.0,
                "draw_rate": 0.0,
                "reward_win_rate": 0.0,
                "reward_lose_rate": 0.0,
                "reward_draw_rate": 0.0,
                "destroyed_count": 1.02,
                "missile_fired_count": 1.88,
                "missile_fire_fail_count": 0.0,
                "missile_hit_self_count": 1.02,
                "missile_hit_enemy_count": 0.0,
                "missile_miss_count": 1.88,
                "missile_evade_success_count": 0.2,
                "home_returned_count": 0.0,
                "aircraft_collided_count": 0.0
            },
            "agent": {
                "blue_1": {
                    "destroyed_count": 0.02,
                    "missile_fired_count": 0.02,
                    "missile_fire_fail_count": 0.0,
                    "missile_hit_self_count": 0.02,
                    "missile_hit_enemy_count": 0.0,
                    "missile_miss_count": 0.02,
                    "missile_evade_success_count": 0.0,
                    "home_returned_count": 0.0,
                    "aircraft_collided_count": 0.0
                },
                "red_1": {
                    "destroyed_count": 0.0,
                    "missile_fired_count": 0.02,
                    "missile_fire_fail_count": 0.0,
                    "missile_hit_self_count": 0.0,
                    "missile_hit_enemy_count": 0.02,
                    "missile_miss_count": 0.0,
                    "missile_evade_success_count": 0.02,
                    "home_returned_count": 0.0,
                    "aircraft_collided_count": 0.0
                }
            }
        },
        "agent": {
            "blue_1": {
                "destroyed_count": 1,
                "missile_fired_count": 1,
                "missile_fire_fail_count": 0,
                "missile_hit_self_count": 1,
                "missile_hit_enemy_count": 0,
                "missile_miss_count": 1,
                "missile_evade_success_count": 0,