{
    "win": 47,
    "lose": 3,
    "draw": 0,
    "reward": -0.617725560685102,
    "reward_default": -0.5177255606851077,
    "reward_attack": -0.10000000000000009,
    "reward_evade": 0.0,
    "win_rate": 0.94,
    "lose_rate": 0.06,
    "draw_rate": 0.0,
    "reward_win_rate": 0.0,
    "reward_lose_rate": 0.0,
    "reward_draw_rate": 0.0,
    "destroyed_count": 0.06,
    "missile_fired_count": 19.9,
    "missile_fire_fail_count": 0.0,
    "missile_hit_self_count": 0.06,
    "missile_hit_enemy_count": 0.96,
    "missile_miss_count": 18.98,
    "missile_evade_success_count": 1.6,
    "home_returned_count": 3.86,
    "aircraft_collided_count": 0.0,
    "agent": {
        "name": "red_1",
        "type": "aircraft",
        "color": "red",
        "speed": 200,
        "turn_radius": 453.51473922902494,
        "collision_radius": 20.0,
        "indestructible": false,
        "waypoint": "x: -15089.903, y: 9735.402, psi: -51.129",
        "destroyed": false,
        "destroyed_reason": [],
        "destroyed_count": 0,
        "destroyed_time": 0,
        "survival_time": 290.5999999999976,
        "waiting_actions": [],
        "consumed_actions": [
            "(281, (<Actions.go_to_location: 1>, -15200.67168594601, 9507.209368096623))",
            "(282, (<Actions.go_to_location: 1>, -15256.656919871068, 9545.544547012309))",
            "(283, (<Actions.go_to_location: 1>, -15363.990404012151, 9607.444702615947))",
            "(284, (<Actions.go_to_location: 1>, -15516.478852690712, 9706.483877264802))",
            "(285, (<Actions.go_to_location: 1>, -15648.417885283907, 9810.312829202678))",
            "(286, (<Actions.go_to_location: 1>, -15770.02424794117, 9928.020876091796))",
            "(287, (<Actions.go_to_location: 1>, -15875.197898825054, 10057.452621390275))",
            "(288, (<Actions.go_to_location: 1>, -15962.05500932918, 10198.407834577383))",
            "(289, (<Actions.go_to_location: 1>, -16026.603127647422, 10351.550895085222))",
            "(290, (<Actions.go_to_location: 1>, -16060.952269677042, 10518.125444420784))"
        ],
        "is_in_game_range": true,
        "missile_count": 5,
        "fuel": 179709.39999998308,
        "fuel_consumption_rate": 1,
        "radar_radius": 30000,
        "last_fire_missile_time": 264.59999999999167,
        "missile_hit_enemy": [
            [
                "red_1_missile_17",
                "blue_1"
            ]
        ],
        "missile_hit_enemy_count": 1,
        "missile_hit_self": [],
        "missile_hit_self_count": 0,
        "missile_miss": [
            "red_1_missile_0",
            "red_1_missile_1",
            "red_1_missile_2",
            "red_1_missile_3",
            "red_1_missile_4",
            "red_1_missile_5",
            "red_1_missile_6",
            "red_1_missile_7",
            "red_1_missile_8",
            "red_1_missile_9",
            "red_1_missile_10",
            "red_1_missile_11",
            "red_1_missile_12",
            "red_1_missile_13",
            "red_1_missile_14",
            "red_1_missile_15",
            "red_1_missile_16",
            "red_1_missile_18"
        ],
        "missile_miss_count": 18,
        "missile_evade_success": [
            "blue_1_missile_0"
        ],
        "missile_evade_success_count": 1,
        "missile_fired": [
            "red_1_missile_0",
            "red_1_missile_1",
            "red_1_missile_2",
            "red_1_missile_3",
            "red_1_missile_4",
            "red_1_missile_5",
            "red_1_missile_6",
            "red_1_missile_7",
            "red_1_missile_8",
            "red_1_missile_9",
            "red_1_missile_10",
            "red_1_missile_11",
            "red_1_missile_12",
            "red_1_missile_13",
            "red_1_missile_14",
            "red_1_missile_15",
            "red_1_missile_16",
            "red_1_missile_17",
            "red_1_missile_18"
        ],
        "missile_fired_count": 19,
        "missile_fire_fail_count": 0,
        "aircraft_collided_count": 0,
        "home_returned_count": 3
    },
    "game_info": {
        "episode": 1750,
        "red": {
            "win": 934,
            "lose": 729,
            "draw": 87,
            "reward": 79.10538992070698,
            "win_rate": 0.5337142857142857,
            "lose_rate": 0.4165714285714286,
            "draw_rate": 0.04971428571428571,
            "destroyed_count": 0,
            "missile_fired_count": 19,
            "missile_fire_fail_count": 0,
            "missile_hit_self_count": 0,
            "missile_hit_enemy_count": 1,
            "missile_miss_count": 18,
            "missile_evade_success_count": 1,
            "home_returned_count": 3,
            "missile_count": 5,
            "missile_depletion_count": 0,
            "aircraft_collided_count": 0,
            "reward_default": 80.80538992070699,
            "reward_attack": -1.8000000000000005,
            "reward_evade": 0.1
        },
        "blue": {
            "win": 729,
            "lose": 934,
            "draw": 87,
            "reward": -30.622155968282794,
            "win_rate": 0.4165714285714286,
            "lose_rate": 0.5337142857142857,
            "draw_rate": 0.04971428571428571,
            "destroyed_count": 1,
            "missile_fired_count": 1,
            "missile_fire_fail_count": 0,
            "missile_hit_self_count": 1,
            "missile_hit_enemy_count": 0,
            "missile_miss_count": 1,
            "missile_evade_success_count": 18,
            "home_returned_count": 0,
            "missile_count": 11,
            "missile_depletion_count": 0,
            "aircraft_collided_count": 0,
            "reward_default": -32.32215596828279,
            "reward_evade": 1.8000000000000005,
            "reward_attack": -0.1
        },
        "recent": {
            "episodes": 50,
            "abnormal": [],
            "red": {
                "win": 47,
                "lose": 3,
                "draw": 0,
                "reward": -0.617725560685102,
                "reward_default": -0.5177255606851077,
                "reward_attack": -0.10000000000000009,
                "reward_evade": 0.0,
                "win_rate": 0.94,
                "lose_rate": 0.06,
                "draw_rate": 0.0,
                "reward_win_rate": 0.0,
                "reward_lose_rate": 0.0,
                "reward_draw_rate": 0.0,
                "destroyed_count": 0.06,
                "missile_fired_count": 19.9,
                "missile_fire_fail_count": 0.0,
                "missile_hit_self_count": 0.06,
                "missile_hit_enemy_count": 0.96,
                "missile_miss_count": 18.98,
                "missile_evade_success_count": 1.6,
                "home_returned_count": 3.86,
                "aircraft_collided_count": 0.0
            },
            "blue": {
                "win": 3,
                "lose": 47,
                "draw": 0,
                "reward": 0.30709022427404875,
                "reward_default": 0.20709022427404733,
                "reward_evade": 0.10000000000000009,
                "reward_attack": 0.0,
                "win_rate": 0.06,
                "lose_rate": 0.94,
                "draw_rate": 0.0,
                "reward_win_rate": 0.0,
                "reward_lose_rate": 0.0,
                "reward_draw_rate": 0.0,
                "destroyed_count": 0.96,
                "missile_fired_count": 1.66,
                "missile_fire_fail_count": 0.0,
                "missile_hit_self_count": 0.96,
                "missile_hit_enemy_count": 0.06,
                "missile_miss_count": 1.6,
                "missile_evade_success_count": 18.98,
                "home_returned_count": 0.0,
                "aircraft_collided_count": 0.0
            },
            "agent": {
                "blue_1": {
                    "destroyed_count": 0.02,
                    "missile_fired_count": 0.02,