{
    "win": 50,
    "lose": 0,
    "draw": 0,
    "reward": 0.0,
    "reward_default": 0.0,
    "reward_evade": 0.0,
    "win_rate": 1.0,
    "lose_rate": 0.0,
    "draw_rate": 0.0,
    "reward_win_rate": 0.0,
    "reward_lose_rate": 0.0,
    "reward_draw_rate": 0.0,
    "destroyed_count": 0.0,
    "missile_fired_count": 1.02,
    "missile_fire_fail_count": 0.0,
    "missile_hit_self_count": 0.0,
    "missile_hit_enemy_count": 1.02,
    "missile_miss_count": 0.0,
    "missile_evade_success_count": 1.52,
    "home_returned_count": 0.6,
    "aircraft_collided_count": 0.0,
    "agent": {
        "name": "red_1",
        "type": "aircraft",
        "color": "red",
        "speed": 200,
        "turn_radius": 453.51473922902494,
        "collision_radius": 20.0,
        "indestructible": false,
        "waypoint": "x: -9783.239, y: -5426.12, psi: 154.749",
        "destroyed": false,
        "destroyed_reason": [],
        "destroyed_count": 0,
        "destroyed_time": 0,
        "survival_time": 80.69999999999969,
        "waiting_actions": [],
        "consumed_actions": [
            "(45, (<Actions.fire_missile: 2>, 6253.833, -377.915))",
            "(46, (<Actions.go_to_location: 1>, -11291.996397553175, -2716.9156949565077))",
            "(49, (<Actions.go_to_location: 1>, -11101.003704683782, -2745.967470698037))",
            "(52, (<Actions.go_to_location: 1>, -10929.132605018542, -2848.42853605566))",
            "(55, (<Actions.go_to_location: 1>, -10815.57865478233, -3006.900813515287))",
            "(58, (<Actions.go_to_location: 1>, -10693.00577654612, -3300.312387427888))",
            "(61, (<Actions.go_to_location: 1>, -10455.046621449379, -3785.863884892208))",
            "(64, (<Actions.go_to_location: 1>, -10100.001191321444, -4160.254073645556))",
            "(68, (<Actions.go_to_location: 1>, -10183.678147324732, -4693.480483419267))",
            "(74, (<Actions.go_to_location: 1>, -9671.660119887967, -5662.669783540978))"
        ],
        "is_in_game_range": true,
        "missile_count": 999,
        "fuel": 179919.2999999953,
        "fuel_consumption_rate": 1,
        "radar_radius": 30000,
        "last_fire_missile_time": 45.20000000000037,
        "missile_hit_enemy": [
            [
                "red_1_missile_0",
                "blue_1"
            ]
        ],
        "missile_hit_enemy_count": 1,
        "missile_hit_self": [],
        "missile_hit_self_count": 0,
        "missile_miss": [],
        "missile_miss_count": 0,
        "missile_evade_success": [
            "blue_1_missile_0",
            "blue_1_missile_1"
        ],
        "missile_evade_success_count": 2,
        "missile_fired": [
            "red_1_missile_0"
        ],
        "missile_fired_count": 1,
        "missile_fire_fail_count": 0,
        "aircraft_collided_count": 0,
        "home_returned_count": 0
    },
    "game_info": {
        "episode": 1200,
        "red": {
            "win": 968,
            "lose": 14,
            "draw": 218,
            "reward": 95.20764394382863,
            "win_rate": 0.8066666666666666,
            "lose_rate": 0.011666666666666667,
            "draw_rate": 0.18166666666666667,
            "destroyed_count": 0,
            "missile_fired_count": 1,
            "missile_fire_fail_count": 0,
            "missile_hit_self_count": 0,
            "missile_hit_enemy_count": 1,
            "missile_miss_count": 0,
            "missile_evade_success_count": 2,
            "home_returned_count": 0,
            "missile_count": 999,
            "missile_depletion_count": 0,
            "aircraft_collided_count": 0,
            "reward_default": 93.70764394382863,
            "reward_evade": 1.5
        },
        "blue": {
            "win": 14,
            "lose": 968,
            "draw": 218,
            "reward": 0,
            "win_rate": 0.011666666666666667,
            "lose_rate": 0.8066666666666666,
            "draw_rate": 0.18166666666666667,
            "destroyed_count": 1,
            "missile_fired_count": 2,
            "missile_fire_fail_count": 0,
            "missile_hit_self_count": 1,
            "missile_hit_enemy_count": 0,
            "missile_miss_count": 2,
            "missile_evade_success_count": 0,
            "home_returned_count": 0,
            "missile_count": 998,
            "missile_depletion_count": 0,
            "aircraft_collided_count": 0,
            "reward_default": 0,
            "reward_attack": 0.20833333333333334,
            "reward_evade": 1.0
        },
        "recent": {
            "episodes": 50,
            "abnormal": [],
            "red": {
                "win": 50,
                "lose": 0,
                "draw": 0,
                "reward": 0.0,
                "reward_default": 0.0,
                "reward_evade": 0.0,
                "win_rate": 1.0,
                "lose_rate": 0.0,
                "draw_rate": 0.0,
                "reward_win_rate": 0.0,
                "reward_lose_rate": 0.0,
                "reward_draw_rate": 0.0,
                "destroyed_count": 0.0,
                "missile_fired_count": 1.02,
                "missile_fire_fail_count": 0.0,
                "missile_hit_self_count": 0.0,
                "missile_hit_enemy_count": 1.02,
                "missile_miss_count": 0.0,
                "missile_evade_success_count": 1.52,
                "home_returned_count": 0.6,
                "aircraft_collided_count": 0.0
            },
            "blue": {
                "win": 0,
                "lose": 50,
                "draw": 0,
                "reward": 0,
                "reward_default": 0,
                "reward_attack": 0.0,
                "reward_evade": 0.0,
                "win_rate": 0.0,
                "lose_rate": 1.0,
                "draw_rate": 0.0,
                "reward_win_rate": 0.0,
                "reward_lose_rate": 0.0,
                "reward_draw_rate": 0.0,
                "destroyed_count": 1.02,
                "missile_fired_count": 1.52,
                "missile_fire_fail_count": 0.0,
                "missile_hit_self_count": 1.02,
                "missile_hit_enemy_count": 0.0,
                "missile_miss_count": 1.52,
                "missile_evade_success_count": 0.0,
                "home_returned_count": 0.0,
                "aircraft_collided_count": 0.0
            },
            "agent": {
                "blue_1": {
                    "destroyed_count": 0.02,
                    "missile_fired_count": 0.04,
                    "missile_fire_fail_count": 0.0,
                    "missile_hit_self_count": 0.02,
                    "missile_hit_enemy_count": 0.0,
                    "missile_miss_count": 0.04,
                    "missile_evade_success_count": 0.0,
                    "home_returned_count": 0.0,
                    "aircraft_collided_count": 0.0
                },
                "red_1": {
                    "destroyed_count": 0.0,
                    "missile_fired_count": 0.02,
                    "missile_fire_fail_count": 0.0,
                    "missile_hit_self_count": 0.0,
                    "missile_hit_enemy_count": 0.02,
                    "missile_miss_count": 0.0,
                    "missile_evade_success_count": 0.04,
                    "home_returned_count": 0.0,
                    "aircraft_collided_count": 0.0
                }
            }
        },
        "agent": {
            "blue_1": {
                "destroyed_count": 1,
                "missile_fired_count": 2,
                "missile_fire_fail_count": 0,
                "missile_hit_self_count": 1,
                "missile_hit_enemy_count": 0,
                "missile_miss_count": 2,
                "missile_evade_success_count": 0,
                "home_returned_count": 0,
                "missile_count": 998,
                "missile_depletion_count": 0,
                "aircraft_collided_count": 0,
                "reward": 0,