{
    "win": 4,
    "lose": 35,
    "draw": 11,
    "reward": -31.661602609189405,
    "reward_default": -31.261602609189403,
    "reward_attack": -1.2,
    "reward_evade": 0.7999999999999999,
    "win_rate": 0.08,
    "lose_rate": 0.7,
    "draw_rate": 0.22,
    "reward_win_rate": 0.0,
    "reward_lose_rate": 0.0,
    "reward_draw_rate": 0.0,
    "destroyed_count": 0.92,
    "missile_fired_count": 13.7,
    "missile_fire_fail_count": 0.0,
    "missile_hit_self_count": 0.92,
    "missile_hit_enemy_count": 0.3,
    "missile_miss_count": 13.26,
    "missile_evade_success_count": 2.26,
    "home_returned_count": 2.76,
    "aircraft_collided_count": 0.0,
    "agent": {
        "name": "red_1",
        "type": "aircraft",
        "color": "red",
        "speed": 200,
        "turn_radius": 453.51473922902494,
        "collision_radius": 20.0,
        "indestructible": false,
        "waypoint": "x: -21178.2, y: -371.925, psi: -69.071",
        "destroyed": true,
        "destroyed_reason": [
            [
                "collided with missile",
                "blue_1_missile_8"
            ]
        ],
        "destroyed_count": 1,
        "destroyed_time": 0,
        "survival_time": 344.60000000000986,
        "waiting_actions": [],
        "consumed_actions": [
            "(326, (<Actions.go_to_location: 1>, -21014.32541719333, 253.88717678677585))",
            "(328, (<Actions.go_to_location: 1>, -20086.270642999414, 61.36708671432602))",
            "(329, (<Actions.go_to_location: 1>, -19478.88409254959, -1540.0648345085128))",
            "(330, (<Actions.go_to_location: 1>, -19561.193868979204, -1527.0307189426692))",
            "(332, (<Actions.go_to_location: 1>, -21528.341945510365, -1135.8411097657934))",
            "(334, (<Actions.go_to_location: 1>, -21952.524387679616, -482.2239911696619))",
            "(336, (<Actions.go_to_location: 1>, -19392.602, 351.182))",
            "(337, (<Actions.go_to_location: 1>, -20396.295, -388.817))",
            "(338, (<Actions.go_to_location: 1>, -20396.463, -379.894))",
            "(339, (<Actions.go_to_location: 1>, -20396.777, -362.626))"
        ],
        "is_in_game_range": true,
        "missile_count": 12,
        "fuel": 179661.19999998028,
        "fuel_consumption_rate": 1,
        "radar_radius": 30000,
        "last_fire_missile_time": 221.4999999999917,
        "missile_hit_enemy": [],
        "missile_hit_enemy_count": 0,
        "missile_hit_self": [
            "blue_1_missile_8"
        ],
        "missile_hit_self_count": 1,
        "missile_miss": [
            "red_1_missile_0",
            "red_1_missile_1",
            "red_1_missile_2",
            "red_1_missile_3",
            "red_1_missile_4",
            "red_1_missile_5",
            "red_1_missile_6",
            "red_1_missile_7",
            "red_1_missile_8",
            "red_1_missile_9",
            "red_1_missile_10",
            "red_1_missile_11"
        ],
        "missile_miss_count": 12,
        "missile_evade_success": [
            "blue_1_missile_0",
            "blue_1_missile_1",
            "blue_1_missile_2",
            "blue_1_missile_3",
            "blue_1_missile_4",
            "blue_1_missile_5",
            "blue_1_missile_6",
            "blue_1_missile_7"
        ],
        "missile_evade_success_count": 8,
        "missile_fired": [
            "red_1_missile_0",
            "red_1_missile_1",
            "red_1_missile_2",
            "red_1_missile_3",
            "red_1_missile_4",
            "red_1_missile_5",
            "red_1_missile_6",
            "red_1_missile_7",
            "red_1_missile_8",
            "red_1_missile_9",
            "red_1_missile_10",
            "red_1_missile_11"
        ],
        "missile_fired_count": 12,
        "missile_fire_fail_count": 0,
        "aircraft_collided_count": 0,
        "home_returned_count": 4
    },
    "game_info": {
        "episode": 50,
        "red": {
            "win": 4,
            "lose": 35,
            "draw": 11,
            "reward": -31.661602609189405,
            "win_rate": 0.08,
            "lose_rate": 0.7,
            "draw_rate": 0.22,
            "destroyed_count": 1,
            "missile_fired_count": 12,
            "missile_fire_fail_count": 0,
            "missile_hit_self_count": 1,
            "missile_hit_enemy_count": 0,
            "missile_miss_count": 12,
            "missile_evade_success_count": 8,
            "home_returned_count": 4,
            "missile_count": 12,
            "missile_depletion_count": 0,
            "aircraft_collided_count": 0,
            "reward_default": -31.261602609189403,
            "reward_attack": -1.2,
            "reward_evade": 0.7999999999999999
        },
        "blue": {
            "win": 35,
            "lose": 4,
            "draw": 11,
            "reward": 78.55400652297351,
            "win_rate": 0.7,
            "lose_rate": 0.08,
            "draw_rate": 0.22,
            "destroyed_count": 0,
            "missile_fired_count": 9,
            "missile_fire_fail_count": 0,
            "missile_hit_self_count": 0,
            "missile_hit_enemy_count": 1,
            "missile_miss_count": 8,
            "missile_evade_success_count": 12,
            "home_returned_count": 0,
            "missile_count": 3,
            "missile_depletion_count": 0,
            "aircraft_collided_count": 0,
            "reward_default": 78.1540065229735,
            "reward_evade": 1.2,
            "reward_attack": -0.7999999999999999
        },
        "recent": {
            "episodes": 50,
            "abnormal": [],
            "red": {
                "win": 4,
                "lose": 35,
                "draw": 11,
                "reward": -31.661602609189405,
                "reward_default": -31.261602609189403,
                "reward_attack": -1.2,
                "reward_evade": 0.7999999999999999,
                "win_rate": 0.08,
                "lose_rate": 0.7,
                "draw_rate": 0.22,
                "reward_win_rate": 0.0,
                "reward_lose_rate": 0.0,
                "reward_draw_rate": 0.0,
                "destroyed_count": 0.92,
                "missile_fired_count": 13.7,
                "missile_fire_fail_count": 0.0,
                "missile_hit_self_count": 0.92,
                "missile_hit_enemy_count": 0.3,
                "missile_miss_count": 13.26,
                "missile_evade_success_count": 2.26,
                "home_returned_count": 2.76,
                "aircraft_collided_count": 0.0
            },
            "blue": {
                "win": 35,
                "lose": 4,
                "draw": 11,
                "reward": 78.55400652297351,
                "reward_default": 78.1540065229735,
                "reward_evade": 1.2,
                "reward_attack": -0.7999999999999999,
                "win_rate": 0.7,
                "lose_rate": 0.08,
                "draw_rate": 0.22,
                "reward_win_rate": 0.0,
                "reward_lose_rate": 0.0,
                "reward_draw_rate": 0.0,
                "destroyed_count": 0.3,
                "missile_fired_count": 3.26,
                "missile_fire_fail_count": 0.0,
                "missile_hit_self_count": 0.3,
                "missile_hit_enemy_count": 0.92,
                "missile_miss_count": 2.26,
                "missile_evade_success_count": 13.26,
                "home_returned_count": 0.0,
                "aircraft_collided_count": 0.0
            },
            "agent": {
                "blue_1": {
                    "destroyed_count": 0.0,
                    "missile_fired_count": 0.18,
                    "missile_fire_fail_count": 0.0,
                    "missile_hit_self_count": 0.0,
                    "missile_hit_enemy_count": 0.02,
                    "missile_miss_count": 0.16,
                    "missile_evade_success_count": 0.24,
                    "home_returned_count": 0.0,