{
    "win": 50,
    "lose": 0,
    "draw": 0,
    "reward": 0.08079450445512748,
    "reward_win": 0,
    "reward_lose": 0,
    "reward_draw": 0,
    "reward_default": 0.08079450445512748,
    "win_rate": 1.0,
    "lose_rate": 0.0,
    "draw_rate": 0.0,
    "reward_win_rate": 0.0,
    "reward_lose_rate": 0.0,
    "reward_draw_rate": 0.0,
    "destroyed_count": 0.0,
    "missile_fired_count": 1.02,
    "missile_fire_fail_count": 0.0,
    "missile_hit_self_count": 0.0,
    "missile_hit_enemy_count": 1.02,
    "missile_miss_count": 0.0,
    "missile_evade_success_count": 1.54,
    "home_returned_count": 0.56,
    "aircraft_collided_count": 0.0,
    "agent": {
        "name": "red_1",
        "type": "aircraft",
        "color": "red",
        "speed": 200,
        "turn_radius": 453.51473922902494,
        "collision_radius": 20.0,
        "indestructible": false,
        "waypoint": "x: -7285.204, y: -5210.481, psi: 150.558",
        "destroyed": false,
        "destroyed_reason": [],
        "destroyed_count": 0,
        "destroyed_time": 0,
        "survival_time": 75.2,
        "waiting_actions": [],
        "consumed_actions": [
            "(47, (<Actions.go_to_location: 1>, -8489.854187129411, -2392.4560917999715))",
            "(48, (<Actions.go_to_location: 1>, -8458.75403920066, -2447.1235210254404))",
            "(49, (<Actions.go_to_location: 1>, -8414.132855683163, -2504.8820243586947))",
            "(50, (<Actions.go_to_location: 1>, -8386.095338386847, -2565.732265363033))",
            "(51, (<Actions.go_to_location: 1>, -6462.215, -1181.277))",
            "(52, (<Actions.go_to_location: 1>, -8337.887115775558, -2699.5518713719716))",
            "(53, (<Actions.go_to_location: 1>, -8301.095886651523, -2783.586305570082))",
            "(54, (<Actions.go_to_location: 1>, -8219.997066138834, -2953.273279006673))",
            "(56, (<Actions.go_to_location: 1>, -8016.5979465022065, -3272.2986560307536))",
            "(70, (<Actions.go_to_location: 1>, -7037.988572520678, -5648.448000399788))"
        ],
        "is_in_game_range": true,
        "missile_count": 999,
        "fuel": 179924.79999999562,
        "fuel_consumption_rate": 1,
        "radar_radius": 30000,
        "last_fire_missile_time": 39.20000000000029,
        "missile_hit_enemy": [
            [
                "red_1_missile_0",
                "blue_1"
            ]
        ],
        "missile_hit_enemy_count": 1,
        "missile_hit_self": [],
        "missile_hit_self_count": 0,
        "missile_miss": [],
        "missile_miss_count": 0,
        "missile_evade_success": [
            "blue_1_missile_0",
            "blue_1_missile_1"
        ],
        "missile_evade_success_count": 2,
        "missile_fired": [
            "red_1_missile_0"
        ],
        "missile_fired_count": 1,
        "missile_fire_fail_count": 0,
        "aircraft_collided_count": 0,
        "home_returned_count": 0
    },
    "game_info": {
        "episode": 2950,
        "red": {
            "win": 1643,
            "lose": 136,
            "draw": 1171,
            "reward": 97.11013929862796,
            "win_rate": 0.5569491525423729,
            "lose_rate": 0.04610169491525424,
            "draw_rate": 0.3969491525423729,
            "destroyed_count": 0,
            "missile_fired_count": 1,
            "missile_fire_fail_count": 0,
            "missile_hit_self_count": 0,
            "missile_hit_enemy_count": 1,
            "missile_miss_count": 0,
            "missile_evade_success_count": 2,
            "home_returned_count": 0,
            "missile_count": 999,
            "missile_depletion_count": 0,
            "aircraft_collided_count": 0,
            "reward_win": 210,
            "reward_lose": 136,
            "reward_draw": 0,
            "reward_default": 97.11013929862796,
            "reward_win_rate": 0.12719563900666264,
            "reward_lose_rate": 0.08237431859479104,
            "reward_draw_rate": 0.0
        },
        "blue": {
            "win": 136,
            "lose": 1643,
            "draw": 1171,
            "reward": 91.31712079163374,
            "win_rate": 0.04610169491525424,
            "lose_rate": 0.5569491525423729,
            "draw_rate": 0.3969491525423729,
            "destroyed_count": 1,
            "missile_fired_count": 2,
            "missile_fire_fail_count": 0,
            "missile_hit_self_count": 1,
            "missile_hit_enemy_count": 0,
            "missile_miss_count": 2,
            "missile_evade_success_count": 0,
            "home_returned_count": 0,
            "missile_count": 998,
            "missile_depletion_count": 0,
            "aircraft_collided_count": 0,
            "reward_win": 136,
            "reward_lose": 210,
            "reward_draw": 0,
            "reward_default": 91.31712079163374,
            "reward_win_rate": 0.08237431859479104,
            "reward_lose_rate": 0.12719563900666264,
            "reward_draw_rate": 0.0
        },
        "recent": {
            "episodes": 50,
            "abnormal": [],
            "red": {
                "win": 50,
                "lose": 0,
                "draw": 0,
                "reward": 0.08079450445512748,
                "reward_win": 0,
                "reward_lose": 0,
                "reward_draw": 0,
                "reward_default": 0.08079450445512748,
                "win_rate": 1.0,
                "lose_rate": 0.0,
                "draw_rate": 0.0,
                "reward_win_rate": 0.0,
                "reward_lose_rate": 0.0,
                "reward_draw_rate": 0.0,
                "destroyed_count": 0.0,
                "missile_fired_count": 1.02,
                "missile_fire_fail_count": 0.0,
                "missile_hit_self_count": 0.0,
                "missile_hit_enemy_count": 1.02,
                "missile_miss_count": 0.0,
                "missile_evade_success_count": 1.54,
                "home_returned_count": 0.56,
                "aircraft_collided_count": 0.0
            },
            "blue": {
                "win": 0,
                "lose": 50,
                "draw": 0,
                "reward": 0.0,
                "reward_win": 0,
                "reward_lose": 0,
                "reward_draw": 0,
                "reward_default": 0.0,
                "win_rate": 0.0,
                "lose_rate": 1.0,
                "draw_rate": 0.0,
                "reward_win_rate": 0.0,
                "reward_lose_rate": 0.0,
                "reward_draw_rate": 0.0,
                "destroyed_count": 1.02,
                "missile_fired_count": 1.54,
                "missile_fire_fail_count": 0.0,
                "missile_hit_self_count": 1.02,
                "missile_hit_enemy_count": 0.0,
                "missile_miss_count": 1.54,
                "missile_evade_success_count": 0.0,
                "home_returned_count": 0.0,
                "aircraft_collided_count": 0.0
            },
            "agent": {
                "blue_1": {
                    "destroyed_count": 0.02,
                    "missile_fired_count": 0.04,
                    "missile_fire_fail_count": 0.0,
                    "missile_hit_self_count": 0.02,
                    "missile_hit_enemy_count": 0.0,
                    "missile_miss_count": 0.04,
                    "missile_evade_success_count": 0.0,
                    "home_returned_count": 0.0,
                    "aircraft_collided_count": 0.0
                },
                "red_1": {
                    "destroyed_count": 0.0,
                    "missile_fired_count": 0.02,
                    "missile_fire_fail_count": 0.0,
                    "missile_hit_self_count": 0.0,
                    "missile_hit_enemy_count": 0.02,
                    "missile_miss_count": 0.0,
                    "missile_evade_success_count": 0.04,
                    "home_returned_count": 0.0,
                    "aircraft_collided_count": 0.0
                }
            }
        },