{
    "win": 46,
    "lose": 4,
    "draw": 0,
    "reward": 3.375513255378209,
    "reward_default": 2.875513255378209,
    "reward_evade": 0.0,
    "reward_attack": 0.0,
    "win_rate": 0.92,
    "lose_rate": 0.08,
    "draw_rate": 0.0,
    "reward_win_rate": 0.0,
    "reward_lose_rate": 0.0,
    "reward_draw_rate": 0.0,
    "destroyed_count": 0.08,
    "missile_fired_count": 1.7,
    "missile_fire_fail_count": 0.0,
    "missile_hit_self_count": 0.08,
    "missile_hit_enemy_count": 0.94,
    "missile_miss_count": 0.76,
    "missile_evade_success_count": 11.36,
    "home_returned_count": 0.52,
    "aircraft_collided_count": 0.0,
    "agent": {
        "name": "red_1",
        "type": "aircraft",
        "color": "red",
        "speed": 200,
        "turn_radius": 453.51473922902494,
        "collision_radius": 20.0,
        "indestructible": false,
        "waypoint": "x: -5812.672, y: -15354.692, psi: -8.042",
        "destroyed": false,
        "destroyed_reason": [],
        "destroyed_count": 0,
        "destroyed_time": 0,
        "survival_time": 311.60000000000235,
        "waiting_actions": [],
        "consumed_actions": [
            "(298, (<Actions.go_to_location: 1>, -5786.7142884155755, -14753.178393369737))",
            "(299, (<Actions.go_to_location: 1>, -7379.317155239316, -15174.013430205821))",
            "(300, (<Actions.go_to_location: 1>, -5129.009759942744, -16750.107374162828))",
            "(301, (<Actions.go_to_location: 1>, -4971.328, -14307.645))",
            "(302, (<Actions.go_to_location: 1>, -4912.632, -14278.554))",
            "(303, (<Actions.fire_missile: 2>, -4536.16, -13880.489))",
            "(303, (<Actions.go_to_location: 1>, -4990.057552689612, -16675.50794110982))",
            "(304, (<Actions.go_to_location: 1>, -4749.016, -14249.799))",
            "(305, (<Actions.go_to_location: 1>, -4668.354, -14236.041))",
            "(306, (<Actions.go_to_location: 1>, -6933.599702824371, -14808.531201567635))"
        ],
        "is_in_game_range": true,
        "missile_count": 11,
        "fuel": 179688.39999998186,
        "fuel_consumption_rate": 1,
        "radar_radius": 30000,
        "last_fire_missile_time": 302.6000000000003,
        "missile_hit_enemy": [
            [
                "red_1_missile_0",
                "blue_1"
            ]
        ],
        "missile_hit_enemy_count": 1,
        "missile_hit_self": [],
        "missile_hit_self_count": 0,
        "missile_miss": [],
        "missile_miss_count": 0,
        "missile_evade_success": [
            "blue_1_missile_0",
            "blue_1_missile_1",
            "blue_1_missile_2",
            "blue_1_missile_3",
            "blue_1_missile_4",
            "blue_1_missile_5",
            "blue_1_missile_6",
            "blue_1_missile_7",
            "blue_1_missile_8",
            "blue_1_missile_9",
            "blue_1_missile_10",
            "blue_1_missile_11"
        ],
        "missile_evade_success_count": 12,
        "missile_fired": [
            "red_1_missile_0"
        ],
        "missile_fired_count": 1,
        "missile_fire_fail_count": 0,
        "aircraft_collided_count": 0,
        "home_returned_count": 0
    },
    "game_info": {
        "episode": 2100,
        "red": {
            "win": 1001,
            "lose": 1016,
            "draw": 83,
            "reward": 91.74585135736066,
            "win_rate": 0.4766666666666667,
            "lose_rate": 0.4838095238095238,
            "draw_rate": 0.039523809523809524,
            "destroyed_count": 0,
            "missile_fired_count": 1,
            "missile_fire_fail_count": 0,
            "missile_hit_self_count": 0,
            "missile_hit_enemy_count": 1,
            "missile_miss_count": 0,
            "missile_evade_success_count": 12,
            "home_returned_count": 0,
            "missile_count": 11,
            "missile_depletion_count": 0,
            "aircraft_collided_count": 0,
            "reward_default": 79.74585135736066,
            "reward_evade": 12.0,
            "reward_attack": -0.5
        },
        "blue": {
            "win": 1016,
            "lose": 1001,
            "draw": 83,
            "reward": -37.89834054294427,
            "win_rate": 0.4838095238095238,
            "lose_rate": 0.4766666666666667,
            "draw_rate": 0.039523809523809524,
            "destroyed_count": 1,
            "missile_fired_count": 12,
            "missile_fire_fail_count": 0,
            "missile_hit_self_count": 1,
            "missile_hit_enemy_count": 0,
            "missile_miss_count": 12,
            "missile_evade_success_count": 0,
            "home_returned_count": 0,
            "missile_count": 0,
            "missile_depletion_count": 0,
            "aircraft_collided_count": 0,
            "reward_default": -31.89834054294427,
            "reward_attack": -6.0,
            "reward_evade": 1.0
        },
        "recent": {
            "episodes": 50,
            "abnormal": [],
            "red": {
                "win": 46,
                "lose": 4,
                "draw": 0,
                "reward": 3.375513255378209,
                "reward_default": 2.875513255378209,
                "reward_evade": 0.0,
                "reward_attack": 0.0,
                "win_rate": 0.92,
                "lose_rate": 0.08,
                "draw_rate": 0.0,
                "reward_win_rate": 0.0,
                "reward_lose_rate": 0.0,
                "reward_draw_rate": 0.0,
                "destroyed_count": 0.08,
                "missile_fired_count": 1.7,
                "missile_fire_fail_count": 0.0,
                "missile_hit_self_count": 0.08,
                "missile_hit_enemy_count": 0.94,
                "missile_miss_count": 0.76,
                "missile_evade_success_count": 11.36,
                "home_returned_count": 0.52,
                "aircraft_collided_count": 0.0
            },
            "blue": {
                "win": 4,
                "lose": 46,
                "draw": 0,
                "reward": -2.150205302151285,
                "reward_default": -1.150205302151285,
                "reward_attack": 0.0,
                "reward_evade": 0.0,
                "win_rate": 0.08,
                "lose_rate": 0.92,
                "draw_rate": 0.0,
                "reward_win_rate": 0.0,
                "reward_lose_rate": 0.0,
                "reward_draw_rate": 0.0,
                "destroyed_count": 0.94,
                "missile_fired_count": 11.44,
                "missile_fire_fail_count": 0.0,
                "missile_hit_self_count": 0.94,
                "missile_hit_enemy_count": 0.08,
                "missile_miss_count": 11.36,
                "missile_evade_success_count": 0.76,
                "home_returned_count": 0.0,
                "aircraft_collided_count": 0.0
            },
            "agent": {
                "blue_1": {
                    "destroyed_count": 0.02,
                    "missile_fired_count": 0.24,
                    "missile_fire_fail_count": 0.0,
                    "missile_hit_self_count": 0.02,
                    "missile_hit_enemy_count": 0.0,
                    "missile_miss_count": 0.24,
                    "missile_evade_success_count": 0.0,
                    "home_returned_count": 0.0,
                    "aircraft_collided_count": 0.0
                },
                "red_1": {
                    "destroyed_count": 0.0,
                    "missile_fired_count": 0.02,
                    "missile_fire_fail_count": 0.0,
                    "missile_hit_self_count": 0.0,
                    "missile_hit_enemy_count": 0.02,
                    "missile_miss_count": 0.0,
                    "missile_evade_success_count": 0.24,
                    "home_returned_count": 0.0,
                    "aircraft_collided_count": 0.0
                }
            }
        },
        "agent": {
            "blue_1": {
                "destroyed_count": 1,