{
    "win": 50,
    "lose": 0,
    "draw": 0,
    "reward": 0.20589280955859124,
    "reward_default": 0.20589280955859124,
    "reward_attack": 0.0,
    "reward_evade": 0.0,
    "win_rate": 1.0,
    "lose_rate": 0.0,
    "draw_rate": 0.0,
    "reward_win_rate": 0.0,
    "reward_lose_rate": 0.0,
    "reward_draw_rate": 0.0,
    "destroyed_count": 0.0,
    "missile_fired_count": 4.1,
    "missile_fire_fail_count": 0.0,
    "missile_hit_self_count": 0.0,
    "missile_hit_enemy_count": 1.02,
    "missile_miss_count": 3.08,
    "missile_evade_success_count": 7.14,
    "home_returned_count": 0.04,
    "aircraft_collided_count": 0.0,
    "agent": {
        "name": "red_1",
        "type": "aircraft",
        "color": "red",
        "speed": 200,
        "turn_radius": 453.51473922902494,
        "collision_radius": 20.0,
        "indestructible": false,
        "waypoint": "x: -158.438, y: -4805.25, psi: -16.135",
        "destroyed": false,
        "destroyed_reason": [],
        "destroyed_count": 0,
        "destroyed_time": 0,
        "survival_time": 171.99999999999451,
        "waiting_actions": [],
        "consumed_actions": [
            "(157, (<Actions.go_to_location: 1>, 813.3960821933724, -4976.323176761854))",
            "(159, (<Actions.go_to_location: 1>, 602.8139982008117, -4678.119183396189))",
            "(162, (<Actions.go_to_location: 1>, 178.70412049659603, -4221.162106657199))",
            "(163, (<Actions.go_to_location: 1>, -10107.334, -33670.863))",
            "(164, (<Actions.go_to_location: 1>, -14317.395, -31748.447))",
            "(165, (<Actions.go_to_location: 1>, -201.87988670127038, -3860.705179322234))",
            "(168, (<Actions.go_to_location: 1>, -379.29855435992494, -3745.163692198891))",
            "(169, (<Actions.go_to_location: 1>, 3668.461, -34771.125))",
            "(170, (<Actions.go_to_location: 1>, -956.931, -34932.52))",
            "(171, (<Actions.go_to_location: 1>, -582.3433485179146, -3585.675527027941))"
        ],
        "is_in_game_range": true,
        "missile_count": 8,
        "fuel": 179827.99999999,
        "fuel_consumption_rate": 1,
        "radar_radius": 30000,
        "last_fire_missile_time": 156.5999999999954,
        "missile_hit_enemy": [
            [
                "red_1_missile_3",
                "blue_1"
            ]
        ],
        "missile_hit_enemy_count": 1,
        "missile_hit_self": [],
        "missile_hit_self_count": 0,
        "missile_miss": [
            "red_1_missile_0",
            "red_1_missile_1",
            "red_1_missile_2"
        ],
        "missile_miss_count": 3,
        "missile_evade_success": [
            "blue_1_missile_0",
            "blue_1_missile_1",
            "blue_1_missile_2",
            "blue_1_missile_3",
            "blue_1_missile_4",
            "blue_1_missile_5",
            "blue_1_missile_6"
        ],
        "missile_evade_success_count": 7,
        "missile_fired": [
            "red_1_missile_0",
            "red_1_missile_1",
            "red_1_missile_2",
            "red_1_missile_3"
        ],
        "missile_fired_count": 4,
        "missile_fire_fail_count": 0,
        "aircraft_collided_count": 0,
        "home_returned_count": 0
    },
    "game_info": {
        "episode": 1750,
        "red": {
            "win": 918,
            "lose": 682,
            "draw": 150,
            "reward": 93.03809705565415,
            "win_rate": 0.5245714285714286,
            "lose_rate": 0.38971428571428574,
            "draw_rate": 0.08571428571428572,
            "destroyed_count": 0,
            "missile_fired_count": 4,
            "missile_fire_fail_count": 0,
            "missile_hit_self_count": 0,
            "missile_hit_enemy_count": 1,
            "missile_miss_count": 3,
            "missile_evade_success_count": 7,
            "home_returned_count": 0,
            "missile_count": 8,
            "missile_depletion_count": 0,
            "aircraft_collided_count": 0,
            "reward_default": 87.53809705565415,
            "reward_attack": -1.5,
            "reward_evade": 7.0
        },
        "blue": {
            "win": 682,
            "lose": 918,
            "draw": 150,
            "reward": -35.515238822261665,
            "win_rate": 0.38971428571428574,
            "lose_rate": 0.5245714285714286,
            "draw_rate": 0.08571428571428572,
            "destroyed_count": 1,
            "missile_fired_count": 7,
            "missile_fire_fail_count": 0,
            "missile_hit_self_count": 1,
            "missile_hit_enemy_count": 0,
            "missile_miss_count": 7,
            "missile_evade_success_count": 3,
            "home_returned_count": 0,
            "missile_count": 5,
            "missile_depletion_count": 0,
            "aircraft_collided_count": 0,
            "reward_default": -35.015238822261665,
            "reward_evade": 3.0,
            "reward_attack": -3.5
        },
        "recent": {
            "episodes": 50,
            "abnormal": [],
            "red": {
                "win": 50,
                "lose": 0,
                "draw": 0,
                "reward": 0.20589280955859124,
                "reward_default": 0.20589280955859124,
                "reward_attack": 0.0,
                "reward_evade": 0.0,
                "win_rate": 1.0,
                "lose_rate": 0.0,
                "draw_rate": 0.0,
                "reward_win_rate": 0.0,
                "reward_lose_rate": 0.0,
                "reward_draw_rate": 0.0,
                "destroyed_count": 0.0,
                "missile_fired_count": 4.1,
                "missile_fire_fail_count": 0.0,
                "missile_hit_self_count": 0.0,
                "missile_hit_enemy_count": 1.02,
                "missile_miss_count": 3.08,
                "missile_evade_success_count": 7.14,
                "home_returned_count": 0.04,
                "aircraft_collided_count": 0.0
            },
            "blue": {
                "win": 0,
                "lose": 50,
                "draw": 0,
                "reward": -0.08235712382344218,
                "reward_default": -0.08235712382344218,
                "reward_evade": 0.0,
                "reward_attack": 0.0,
                "win_rate": 0.0,
                "lose_rate": 1.0,
                "draw_rate": 0.0,
                "reward_win_rate": 0.0,
                "reward_lose_rate": 0.0,
                "reward_draw_rate": 0.0,
                "destroyed_count": 1.02,
                "missile_fired_count": 7.14,
                "missile_fire_fail_count": 0.0,
                "missile_hit_self_count": 1.02,
                "missile_hit_enemy_count": 0.0,
                "missile_miss_count": 7.14,
                "missile_evade_success_count": 3.08,
                "home_returned_count": 0.0,
                "aircraft_collided_count": 0.0
            },
            "agent": {
                "blue_1": {
                    "destroyed_count": 0.02,
                    "missile_fired_count": 0.14,
                    "missile_fire_fail_count": 0.0,
                    "missile_hit_self_count": 0.02,
                    "missile_hit_enemy_count": 0.0,
                    "missile_miss_count": 0.14,
                    "missile_evade_success_count": 0.06,
                    "home_returned_count": 0.0,
                    "aircraft_collided_count": 0.0
                },
                "red_1": {
                    "destroyed_count": 0.0,
                    "missile_fired_count": 0.08,
                    "missile_fire_fail_count": 0.0,
                    "missile_hit_self_count": 0.0,
                    "missile_hit_enemy_count": 0.02,
                    "missile_miss_count": 0.06,
                    "missile_evade_success_count": 0.14,
                    "home_returned_count": 0.0,
                    "aircraft_collided_count": 0.0
                }
            }
        },