{
    "win": 50,
    "lose": 0,
    "draw": 0,
    "reward": -1.2727689090272634,
    "reward_default": -1.2727689090272634,
    "reward_evade": 0.0,
    "reward_attack": 0.0,
    "win_rate": 1.0,
    "lose_rate": 0.0,
    "draw_rate": 0.0,
    "reward_win_rate": 0.0,
    "reward_lose_rate": 0.0,
    "reward_draw_rate": 0.0,
    "destroyed_count": 0.0,
    "missile_fired_count": 1.02,
    "missile_fire_fail_count": 0.0,
    "missile_hit_self_count": 0.0,
    "missile_hit_enemy_count": 1.02,
    "missile_miss_count": 0.0,
    "missile_evade_success_count": 1.52,
    "home_returned_count": 0.72,
    "aircraft_collided_count": 0.0,
    "agent": {
        "name": "red_1",
        "type": "aircraft",
        "color": "red",
        "speed": 200,
        "turn_radius": 453.51473922902494,
        "collision_radius": 20.0,
        "indestructible": false,
        "waypoint": "x: -10074.467, y: -7766.224, psi: 144.201",
        "destroyed": false,
        "destroyed_reason": [],
        "destroyed_count": 0,
        "destroyed_time": 0,
        "survival_time": 93.89999999999894,
        "waiting_actions": [],
        "consumed_actions": [
            "(57, (<Actions.go_to_location: 1>, -12381.341, -6444.102))",
            "(59, (<Actions.go_to_location: 1>, -12023.255, -6350.05))",
            "(73, (<Actions.fire_missile: 2>, 5839.896, -1666.528))",
            "(74, (<Actions.go_to_location: 1>, -10730.354073229351, -7417.595298272872))",
            "(76, (<Actions.go_to_location: 1>, -10589.892399829065, -7402.945964664685))",
            "(78, (<Actions.go_to_location: 1>, -10446.739551470397, -7429.826195864588))",
            "(81, (<Actions.go_to_location: 1>, -10318.747284562334, -7496.81001131746))",
            "(85, (<Actions.go_to_location: 1>, -10142.042214769854, -7719.093248391274))",
            "(87, (<Actions.go_to_location: 1>, -9979.090319574232, -8126.986170501796))",
            "(92, (<Actions.go_to_location: 1>, -9318.509221210072, -8728.159822741653))"
        ],
        "is_in_game_range": true,
        "missile_count": 999,
        "fuel": 179906.09999999453,
        "fuel_consumption_rate": 1,
        "radar_radius": 30000,
        "last_fire_missile_time": 73.00000000000013,
        "missile_hit_enemy": [
            [
                "red_1_missile_0",
                "blue_1"
            ]
        ],
        "missile_hit_enemy_count": 1,
        "missile_hit_self": [],
        "missile_hit_self_count": 0,
        "missile_miss": [],
        "missile_miss_count": 0,
        "missile_evade_success": [
            "blue_1_missile_0"
        ],
        "missile_evade_success_count": 1,
        "missile_fired": [
            "red_1_missile_0"
        ],
        "missile_fired_count": 1,
        "missile_fire_fail_count": 0,
        "aircraft_collided_count": 0,
        "home_returned_count": 0
    },
    "game_info": {
        "episode": 1550,
        "red": {
            "win": 1112,
            "lose": 137,
            "draw": 301,
            "reward": 93.75657588514557,
            "win_rate": 0.7174193548387097,
            "lose_rate": 0.08838709677419355,
            "draw_rate": 0.19419354838709676,
            "destroyed_count": 0,
            "missile_fired_count": 1,
            "missile_fire_fail_count": 0,
            "missile_hit_self_count": 0,
            "missile_hit_enemy_count": 1,
            "missile_miss_count": 0,
            "missile_evade_success_count": 1,
            "home_returned_count": 0,
            "missile_count": 999,
            "missile_depletion_count": 0,
            "aircraft_collided_count": 0,
            "reward_default": 92.75657588514557,
            "reward_evade": 1.0,
            "reward_attack": 0.1
        },
        "blue": {
            "win": 137,
            "lose": 1112,
            "draw": 301,
            "reward": 0,
            "win_rate": 0.08838709677419355,
            "lose_rate": 0.7174193548387097,
            "draw_rate": 0.19419354838709676,
            "destroyed_count": 1,
            "missile_fired_count": 1,
            "missile_fire_fail_count": 0,
            "missile_hit_self_count": 1,
            "missile_hit_enemy_count": 0,
            "missile_miss_count": 1,
            "missile_evade_success_count": 0,
            "home_returned_count": 0,
            "missile_count": 999,
            "missile_depletion_count": 0,
            "aircraft_collided_count": 0,
            "reward_default": 0,
            "reward_attack": 0.20833333333333334,
            "reward_evade": 1.0
        },
        "recent": {
            "episodes": 50,
            "abnormal": [],
            "red": {
                "win": 50,
                "lose": 0,
                "draw": 0,
                "reward": -1.2727689090272634,
                "reward_default": -1.2727689090272634,
                "reward_evade": 0.0,
                "reward_attack": 0.0,
                "win_rate": 1.0,
                "lose_rate": 0.0,
                "draw_rate": 0.0,
                "reward_win_rate": 0.0,
                "reward_lose_rate": 0.0,
                "reward_draw_rate": 0.0,
                "destroyed_count": 0.0,
                "missile_fired_count": 1.02,
                "missile_fire_fail_count": 0.0,
                "missile_hit_self_count": 0.0,
                "missile_hit_enemy_count": 1.02,
                "missile_miss_count": 0.0,
                "missile_evade_success_count": 1.52,
                "home_returned_count": 0.72,
                "aircraft_collided_count": 0.0
            },
            "blue": {
                "win": 0,
                "lose": 50,
                "draw": 0,
                "reward": 0,
                "reward_default": 0,
                "reward_attack": 0.0,
                "reward_evade": 0.0,
                "win_rate": 0.0,
                "lose_rate": 1.0,
                "draw_rate": 0.0,
                "reward_win_rate": 0.0,
                "reward_lose_rate": 0.0,
                "reward_draw_rate": 0.0,
                "destroyed_count": 1.02,
                "missile_fired_count": 1.52,
                "missile_fire_fail_count": 0.0,
                "missile_hit_self_count": 1.02,
                "missile_hit_enemy_count": 0.0,
                "missile_miss_count": 1.52,
                "missile_evade_success_count": 0.0,
                "home_returned_count": 0.0,
                "aircraft_collided_count": 0.0
            },
            "agent": {
                "blue_1": {
                    "destroyed_count": 0.02,
                    "missile_fired_count": 0.02,
                    "missile_fire_fail_count": 0.0,
                    "missile_hit_self_count": 0.02,
                    "missile_hit_enemy_count": 0.0,
                    "missile_miss_count": 0.02,
                    "missile_evade_success_count": 0.0,
                    "home_returned_count": 0.0,
                    "aircraft_collided_count": 0.0
                },
                "red_1": {
                    "destroyed_count": 0.0,
                    "missile_fired_count": 0.02,
                    "missile_fire_fail_count": 0.0,
                    "missile_hit_self_count": 0.0,
                    "missile_hit_enemy_count": 0.02,
                    "missile_miss_count": 0.0,
                    "missile_evade_success_count": 0.02,
                    "home_returned_count": 0.0,
                    "aircraft_collided_count": 0.0
                }
            }
        },
        "agent": {
            "blue_1": {
                "destroyed_count": 1,
                "missile_fired_count": 1,
                "missile_fire_fail_count": 0,
                "missile_hit_self_count": 1,
                "missile_hit_enemy_count": 0,
                "missile_miss_count": 1,
                "missile_evade_success_count": 0,
                "home_returned_count": 0,
                "missile_count": 999,
                "missile_depletion_count": 0,