{
    "win": 19,
    "lose": 26,
    "draw": 5,
    "reward": -0.9000000000000004,
    "reward_win": 26,
    "reward_lose": 21,
    "reward_draw": 0,
    "reward_evade": -1.0,
    "reward_attack": 0.7,
    "reward_default": 0.29084449537688783,
    "win_rate": 0.38,
    "lose_rate": 0.52,
    "draw_rate": 0.1,
    "reward_win_rate": 0.52,
    "reward_lose_rate": 0.42,
    "reward_draw_rate": 0.0,
    "destroyed_count": 0.58,
    "missile_fired_count": 2.4,
    "missile_fire_fail_count": 0.0,
    "missile_hit_self_count": 0.54,
    "missile_hit_enemy_count": 0.38,
    "missile_miss_count": 2.02,
    "missile_evade_success_count": 15.4,
    "home_returned_count": 0.9,
    "aircraft_collided_count": 0.04,
    "agent": {
        "name": "red_1",
        "type": "aircraft",
        "color": "red",
        "speed": 200,
        "turn_radius": 453.51473922902494,
        "collision_radius": 20.0,
        "indestructible": false,
        "waypoint": "x: -16432.107, y: -1677.148, psi: 133.325",
        "destroyed": true,
        "destroyed_reason": [
            [
                "collided with missile",
                "blue_1_missile_13"
            ]
        ],
        "destroyed_count": 1,
        "destroyed_time": 0,
        "survival_time": 467.6000000000378,
        "waiting_actions": [],
        "consumed_actions": [
            "(458, (<Actions.go_to_location: 1>, -15410.737896261882, -1914.5303002996857))",
            "(459, (<Actions.go_to_location: 1>, -15438.577777755014, -1967.7193299228998))",
            "(460, (<Actions.go_to_location: 1>, -15456.155421842022, -2021.627596110354))",
            "(461, (<Actions.go_to_location: 1>, -15463.019470482192, -2074.9523585098223))",
            "(462, (<Actions.go_to_location: 1>, -15458.945062259929, -2126.3654575913706))",
            "(463, (<Actions.go_to_location: 1>, -15443.927459873985, -2174.5187944113222))",
            "(464, (<Actions.go_to_location: 1>, -15418.175893686952, -2218.0638882251524))",
            "(465, (<Actions.go_to_location: 1>, -15382.108207976558, -2255.664395025485))",
            "(466, (<Actions.go_to_location: 1>, -15336.337946613668, -2286.017133345154))",
            "(467, (<Actions.go_to_location: 1>, -15281.662488073407, -2307.8613842168843))"
        ],
        "is_in_game_range": true,
        "missile_count": 1000,
        "fuel": 179532.5999999728,
        "fuel_consumption_rate": 1,
        "radar_radius": 30000,
        "last_fire_missile_time": 0,
        "missile_hit_enemy": [],
        "missile_hit_enemy_count": 0,
        "missile_hit_self": [
            "blue_1_missile_13"
        ],
        "missile_hit_self_count": 1,
        "missile_miss": [],
        "missile_miss_count": 0,
        "missile_evade_success": [
            "blue_1_missile_0",
            "blue_1_missile_1",
            "blue_1_missile_2",
            "blue_1_missile_3",
            "blue_1_missile_4",
            "blue_1_missile_5",
            "blue_1_missile_6",
            "blue_1_missile_7",
            "blue_1_missile_8",
            "blue_1_missile_9",
            "blue_1_missile_10",
            "blue_1_missile_11",
            "blue_1_missile_12"
        ],
        "missile_evade_success_count": 13,
        "missile_fired": [],
        "missile_fired_count": 0,
        "missile_fire_fail_count": 0,
        "aircraft_collided_count": 0,
        "home_returned_count": 0
    },
    "game_info": {
        "episode": 2100,
        "red": {
            "win": 50,
            "lose": 1814,
            "draw": 236,
            "reward": 13.0,
            "win_rate": 0.023809523809523808,
            "lose_rate": 0.8638095238095238,
            "draw_rate": 0.11238095238095239,
            "destroyed_count": 1,
            "missile_fired_count": 0,
            "missile_fire_fail_count": 0,
            "missile_hit_self_count": 1,
            "missile_hit_enemy_count": 0,
            "missile_miss_count": 0,
            "missile_evade_success_count": 13,
            "home_returned_count": 0,
            "missile_count": 1000,
            "missile_depletion_count": 0,
            "aircraft_collided_count": 0,
            "reward_win": 291,
            "reward_lose": 405,
            "reward_draw": 0,
            "reward_evade": 13.0,
            "reward_attack": 0.6,
            "reward_default": 89.80621299177292,
            "reward_win_rate": 0.13857142857142857,
            "reward_lose_rate": 0.19285714285714287,
            "reward_draw_rate": 0.0
        },
        "blue": {
            "win": 1814,
            "lose": 50,
            "draw": 236,
            "reward": 72.63558586016876,
            "win_rate": 0.8638095238095238,
            "lose_rate": 0.023809523809523808,
            "draw_rate": 0.11238095238095239,
            "destroyed_count": 0,
            "missile_fired_count": 14,
            "missile_fire_fail_count": 0,
            "missile_hit_self_count": 0,
            "missile_hit_enemy_count": 1,
            "missile_miss_count": 13,
            "missile_evade_success_count": 0,
            "home_returned_count": 0,
            "missile_count": 986,
            "missile_depletion_count": 0,
            "aircraft_collided_count": 0,
            "reward_attack": -0.30000000000000004,
            "reward_evade": 4.0,
            "reward_default": 72.93558586016876,
            "reward_win": 405,
            "reward_lose": 291,
            "reward_draw": 0,
            "reward_win_rate": 0.19285714285714287,
            "reward_lose_rate": 0.13857142857142857,
            "reward_draw_rate": 0.0
        },
        "recent": {
            "episodes": 50,
            "abnormal": [
                "blue"
            ],
            "red": {
                "win": 19,
                "lose": 26,
                "draw": 5,
                "reward": -0.9000000000000004,
                "reward_win": 26,
                "reward_lose": 21,
                "reward_draw": 0,
                "reward_evade": -1.0,
                "reward_attack": 0.7,
                "reward_default": 0.29084449537688783,
                "win_rate": 0.38,
                "lose_rate": 0.52,
                "draw_rate": 0.1,
                "reward_win_rate": 0.52,
                "reward_lose_rate": 0.42,
                "reward_draw_rate": 0.0,
                "destroyed_count": 0.58,
                "missile_fired_count": 2.4,
                "missile_fire_fail_count": 0.0,
                "missile_hit_self_count": 0.54,
                "missile_hit_enemy_count": 0.38,
                "missile_miss_count": 2.02,
                "missile_evade_success_count": 15.4,
                "home_returned_count": 0.9,
                "aircraft_collided_count": 0.04
            },
            "blue": {
                "win": 26,
                "lose": 19,
                "draw": 5,
                "reward": -1.0534147199320074,
                "reward_attack": 0.10000000000000009,
                "reward_evade": 3.0,
                "reward_default": -0.15341471993201594,
                "reward_win": 21,
                "reward_lose": 26,
                "reward_draw": 0,
                "win_rate": 0.52,
                "lose_rate": 0.38,
                "draw_rate": 0.1,
                "reward_win_rate": 0.42,
                "reward_lose_rate": 0.52,
                "reward_draw_rate": 0.0,
                "destroyed_count": 0.42,
                "missile_fired_count": 15.98,
                "missile_fire_fail_count": 0.0,
                "missile_hit_self_count": 0.38,
                "missile_hit_enemy_count": 0.54,
                "missile_miss_count": 15.4,
                "missile_evade_success_count": 2.02,
                "home_returned_count": 0.0,
                "aircraft_collided_count": 0.04
            },
            "agent": {
                "blue_1": {
                    "destroyed_count": 0.0,
                    "missile_fired_count": 0.28,