{
    "win": 31,
    "lose": 11,
    "draw": 8,
    "reward": -0.8628639887200791,
    "reward_default": 0.13713601127992092,
    "reward_attack": 0.0,
    "reward_evade": -1.0,
    "win_rate": 0.62,
    "lose_rate": 0.22,
    "draw_rate": 0.16,
    "reward_win_rate": 0.0,
    "reward_lose_rate": 0.0,
    "reward_draw_rate": 0.0,
    "destroyed_count": 0.38,
    "missile_fired_count": 3.72,
    "missile_fire_fail_count": 0.0,
    "missile_hit_self_count": 0.3,
    "missile_hit_enemy_count": 0.72,
    "missile_miss_count": 3.0,
    "missile_evade_success_count": 9.68,
    "home_returned_count": 0.06,
    "aircraft_collided_count": 0.08,
    "agent": {
        "name": "red_1",
        "type": "aircraft",
        "color": "red",
        "speed": 200,
        "turn_radius": 453.51473922902494,
        "collision_radius": 20.0,
        "indestructible": false,
        "waypoint": "x: -8504.434, y: -9693.292, psi: -38.061",
        "destroyed": false,
        "destroyed_reason": [],
        "destroyed_count": 0,
        "destroyed_time": 0,
        "survival_time": 173.09999999999445,
        "waiting_actions": [],
        "consumed_actions": [
            "(162, (<Actions.go_to_location: 1>, -8089.76656659539, -9246.087761088653))",
            "(163, (<Actions.go_to_location: 1>, -8364.827812158252, -9198.619114879682))",
            "(164, (<Actions.go_to_location: 1>, -8550.794415913768, -9182.592300933327))",
            "(165, (<Actions.go_to_location: 1>, -8674.851393126544, -9165.748339552581))",
            "(166, (<Actions.go_to_location: 1>, -8762.653745411786, -9139.047360087074))",
            "(168, (<Actions.go_to_location: 1>, -8830.883724876274, -9102.586768769965))",
            "(169, (<Actions.go_to_location: 1>, -8889.366371684706, -9059.093600841123))",
            "(170, (<Actions.go_to_location: 1>, -8944.597579918714, -9012.343653630258))",
            "(171, (<Actions.go_to_location: 1>, -9085.261777356134, -8897.276063241388))",
            "(172, (<Actions.go_to_location: 1>, -9224.672476834305, -8773.442275594352))"
        ],
        "is_in_game_range": true,
        "missile_count": 10,
        "fuel": 179826.89999998992,
        "fuel_consumption_rate": 1,
        "radar_radius": 30000,
        "last_fire_missile_time": 153.29999999999558,
        "missile_hit_enemy": [
            [
                "red_1_missile_1",
                "blue_1"
            ]
        ],
        "missile_hit_enemy_count": 1,
        "missile_hit_self": [],
        "missile_hit_self_count": 0,
        "missile_miss": [
            "red_1_missile_0"
        ],
        "missile_miss_count": 1,
        "missile_evade_success": [
            "blue_1_missile_0",
            "blue_1_missile_1",
            "blue_1_missile_2",
            "blue_1_missile_3",
            "blue_1_missile_4",
            "blue_1_missile_5",
            "blue_1_missile_6"
        ],
        "missile_evade_success_count": 7,
        "missile_fired": [
            "red_1_missile_0",
            "red_1_missile_1"
        ],
        "missile_fired_count": 2,
        "missile_fire_fail_count": 0,
        "aircraft_collided_count": 0,
        "home_returned_count": 0
    },
    "game_info": {
        "episode": 1700,
        "red": {
            "win": 338,
            "lose": 1152,
            "draw": 210,
            "reward": 93.96934025737548,
            "win_rate": 0.1988235294117647,
            "lose_rate": 0.6776470588235294,
            "draw_rate": 0.12352941176470589,
            "destroyed_count": 0,
            "missile_fired_count": 2,
            "missile_fire_fail_count": 0,
            "missile_hit_self_count": 0,
            "missile_hit_enemy_count": 1,
            "missile_miss_count": 1,
            "missile_evade_success_count": 7,
            "home_returned_count": 0,
            "missile_count": 10,
            "missile_depletion_count": 0,
            "aircraft_collided_count": 0,
            "reward_default": 87.46934025737548,
            "reward_attack": -0.5,
            "reward_evade": 7.0
        },
        "blue": {
            "win": 1152,
            "lose": 338,
            "draw": 210,
            "reward": -37.487736102950194,
            "win_rate": 0.6776470588235294,
            "lose_rate": 0.1988235294117647,
            "draw_rate": 0.12352941176470589,
            "destroyed_count": 1,
            "missile_fired_count": 7,
            "missile_fire_fail_count": 0,
            "missile_hit_self_count": 1,
            "missile_hit_enemy_count": 0,
            "missile_miss_count": 7,
            "missile_evade_success_count": 1,
            "home_returned_count": 0,
            "missile_count": 5,
            "missile_depletion_count": 0,
            "aircraft_collided_count": 0,
            "reward_default": -34.987736102950194,
            "reward_evade": 1.0,
            "reward_attack": -3.5
        },
        "recent": {
            "episodes": 50,
            "abnormal": [],
            "red": {
                "win": 31,
                "lose": 11,
                "draw": 8,
                "reward": -0.8628639887200791,
                "reward_default": 0.13713601127992092,
                "reward_attack": 0.0,
                "reward_evade": -1.0,
                "win_rate": 0.62,
                "lose_rate": 0.22,
                "draw_rate": 0.16,
                "reward_win_rate": 0.0,
                "reward_lose_rate": 0.0,
                "reward_draw_rate": 0.0,
                "destroyed_count": 0.38,
                "missile_fired_count": 3.72,
                "missile_fire_fail_count": 0.0,
                "missile_hit_self_count": 0.3,
                "missile_hit_enemy_count": 0.72,
                "missile_miss_count": 3.0,
                "missile_evade_success_count": 9.68,
                "home_returned_count": 0.06,
                "aircraft_collided_count": 0.08
            },
            "blue": {
                "win": 11,
                "lose": 31,
                "draw": 8,
                "reward": 0.4451455954880288,
                "reward_default": -0.05485440451197121,
                "reward_evade": 0.0,
                "reward_attack": 0.5,
                "win_rate": 0.22,
                "lose_rate": 0.62,
                "draw_rate": 0.16,
                "reward_win_rate": 0.0,
                "reward_lose_rate": 0.0,
                "reward_draw_rate": 0.0,
                "destroyed_count": 0.8,
                "missile_fired_count": 9.98,
                "missile_fire_fail_count": 0.0,
                "missile_hit_self_count": 0.72,
                "missile_hit_enemy_count": 0.3,
                "missile_miss_count": 9.68,
                "missile_evade_success_count": 3.0,
                "home_returned_count": 0.48,
                "aircraft_collided_count": 0.08
            },
            "agent": {
                "blue_1": {
                    "destroyed_count": 0.02,
                    "missile_fired_count": 0.14,
                    "missile_fire_fail_count": 0.0,
                    "missile_hit_self_count": 0.02,
                    "missile_hit_enemy_count": 0.0,
                    "missile_miss_count": 0.14,
                    "missile_evade_success_count": 0.02,
                    "home_returned_count": 0.0,
                    "aircraft_collided_count": 0.0
                },
                "red_1": {
                    "destroyed_count": 0.0,
                    "missile_fired_count": 0.04,
                    "missile_fire_fail_count": 0.0,
                    "missile_hit_self_count": 0.0,
                    "missile_hit_enemy_count": 0.02,
                    "missile_miss_count": 0.02,
                    "missile_evade_success_count": 0.14,
                    "home_returned_count": 0.0,
                    "aircraft_collided_count": 0.0
                }
            }
        },
        "agent": {
            "blue_1": {
                "destroyed_count": 1,