{
    "win": 1,
    "lose": 48,
    "draw": 1,
    "reward": -0.1060216008541488,
    "reward_default": 0.09397839914585404,
    "reward_attack": -0.1,
    "reward_evade": 0.7,
    "win_rate": 0.02,
    "lose_rate": 0.96,
    "draw_rate": 0.02,
    "reward_win_rate": 0.0,
    "reward_lose_rate": 0.0,
    "reward_draw_rate": 0.0,
    "destroyed_count": 1.0,
    "missile_fired_count": 1.56,
    "missile_fire_fail_count": 0.0,
    "missile_hit_self_count": 0.98,
    "missile_hit_enemy_count": 0.02,
    "missile_miss_count": 1.54,
    "missile_evade_success_count": 1.1,
    "home_returned_count": 0.74,
    "aircraft_collided_count": 0.02,
    "agent": {
        "name": "red_1",
        "type": "aircraft",
        "color": "red",
        "speed": 200,
        "turn_radius": 453.51473922902494,
        "collision_radius": 20.0,
        "indestructible": false,
        "waypoint": "x: -10374.589, y: 3211.879, psi: 89.896",
        "destroyed": true,
        "destroyed_reason": [
            [
                "collided with missile",
                "blue_1_missile_0"
            ]
        ],
        "destroyed_count": 1,
        "destroyed_time": 0,
        "survival_time": 96.09999999999881,
        "waiting_actions": [],
        "consumed_actions": [
            "(69, (<Actions.go_to_location: 1>, -11171.118765003768, 2088.6290815362995))",
            "(70, (<Actions.go_to_location: 1>, -10874.753856286632, 4749.385680212927))",
            "(71, (<Actions.go_to_location: 1>, -10833.43713257858, 4700.979547782067))",
            "(72, (<Actions.go_to_location: 1>, -8893.216, 3153.278))",
            "(74, (<Actions.go_to_location: 1>, -10653.854637866956, 4607.2198468615015))",
            "(75, (<Actions.fire_missile: 2>, 5550.592, 2411.293))",
            "(75, (<Actions.go_to_location: 1>, -10792.477002596053, 1882.8616997672568))",
            "(76, (<Actions.go_to_location: 1>, -10567.112674077916, 4587.7975213515465))",
            "(77, (<Actions.go_to_location: 1>, -8552.177, 3163.804))",
            "(78, (<Actions.go_to_location: 1>, -10263.982674771984, 4566.977123202309))"
        ],
        "is_in_game_range": true,
        "missile_count": 10,
        "fuel": 179921.29999999542,
        "fuel_consumption_rate": 1,
        "radar_radius": 30000,
        "last_fire_missile_time": 75.2,
        "missile_hit_enemy": [],
        "missile_hit_enemy_count": 0,
        "missile_hit_self": [
            "blue_1_missile_0"
        ],
        "missile_hit_self_count": 1,
        "missile_miss": [
            "red_1_missile_0",
            "red_1_missile_1"
        ],
        "missile_miss_count": 2,
        "missile_evade_success": [],
        "missile_evade_success_count": 0,
        "missile_fired": [
            "red_1_missile_0",
            "red_1_missile_1"
        ],
        "missile_fired_count": 2,
        "missile_fire_fail_count": 0,
        "aircraft_collided_count": 0,
        "home_returned_count": 0
    },
    "game_info": {
        "episode": 250,
        "red": {
            "win": 1,
            "lose": 248,
            "draw": 1,
            "reward": -37.240035536721166,
            "win_rate": 0.004,
            "lose_rate": 0.992,
            "draw_rate": 0.004,
            "destroyed_count": 1,
            "missile_fired_count": 2,
            "missile_fire_fail_count": 0,
            "missile_hit_self_count": 1,
            "missile_hit_enemy_count": 0,
            "missile_miss_count": 2,
            "missile_evade_success_count": 0,
            "home_returned_count": 0,
            "missile_count": 10,
            "missile_depletion_count": 0,
            "aircraft_collided_count": 0,
            "reward_default": -37.04003553672116,
            "reward_attack": -0.2,
            "reward_evade": 0.7999999999999999
        },
        "blue": {
            "win": 248,
            "lose": 1,
            "draw": 1,
            "reward": 92.80008884180292,
            "win_rate": 0.992,
            "lose_rate": 0.004,
            "draw_rate": 0.004,
            "destroyed_count": 0,
            "missile_fired_count": 1,
            "missile_fire_fail_count": 0,
            "missile_hit_self_count": 0,
            "missile_hit_enemy_count": 1,
            "missile_miss_count": 0,
            "missile_evade_success_count": 2,
            "home_returned_count": 0,
            "missile_count": 11,
            "missile_depletion_count": 0,
            "aircraft_collided_count": 0,
            "reward_default": 92.60008884180291,
            "reward_evade": 0.2,
            "reward_attack": -0.7999999999999999
        },
        "recent": {
            "episodes": 50,
            "abnormal": [],
            "red": {
                "win": 1,
                "lose": 48,
                "draw": 1,
                "reward": -0.1060216008541488,
                "reward_default": 0.09397839914585404,
                "reward_attack": -0.1,
                "reward_evade": 0.7,
                "win_rate": 0.02,
                "lose_rate": 0.96,
                "draw_rate": 0.02,
                "reward_win_rate": 0.0,
                "reward_lose_rate": 0.0,
                "reward_draw_rate": 0.0,
                "destroyed_count": 1.0,
                "missile_fired_count": 1.56,
                "missile_fire_fail_count": 0.0,
                "missile_hit_self_count": 0.98,
                "missile_hit_enemy_count": 0.02,
                "missile_miss_count": 1.54,
                "missile_evade_success_count": 1.1,
                "home_returned_count": 0.74,
                "aircraft_collided_count": 0.02
            },
            "blue": {
                "win": 48,
                "lose": 1,
                "draw": 1,
                "reward": -0.034945997864625156,
                "reward_default": -0.234945997864628,
                "reward_evade": 0.1,
                "reward_attack": -0.7,
                "win_rate": 0.96,
                "lose_rate": 0.02,
                "draw_rate": 0.02,
                "reward_win_rate": 0.0,
                "reward_lose_rate": 0.0,
                "reward_draw_rate": 0.0,
                "destroyed_count": 0.04,
                "missile_fired_count": 2.1,
                "missile_fire_fail_count": 0.0,
                "missile_hit_self_count": 0.02,
                "missile_hit_enemy_count": 0.98,
                "missile_miss_count": 1.1,
                "missile_evade_success_count": 1.54,
                "home_returned_count": 0.0,
                "aircraft_collided_count": 0.02
            },
            "agent": {
                "blue_1": {
                    "destroyed_count": 0.0,
                    "missile_fired_count": 0.02,
                    "missile_fire_fail_count": 0.0,
                    "missile_hit_self_count": 0.0,
                    "missile_hit_enemy_count": 0.02,
                    "missile_miss_count": 0.0,
                    "missile_evade_success_count": 0.04,
                    "home_returned_count": 0.0,
                    "aircraft_collided_count": 0.0
                },
                "red_1": {
                    "destroyed_count": 0.02,
                    "missile_fired_count": 0.04,
                    "missile_fire_fail_count": 0.0,
                    "missile_hit_self_count": 0.02,
                    "missile_hit_enemy_count": 0.0,
                    "missile_miss_count": 0.04,
                    "missile_evade_success_count": 0.0,
                    "home_returned_count": 0.0,
                    "aircraft_collided_count": 0.0
                }
            }
        },
        "agent": {
            "blue_1": {
                "destroyed_count": 0,
                "missile_fired_count": 1,
                "missile_fire_fail_count": 0,
                "missile_hit_self_count": 0,
                "missile_hit_enemy_count": 1,
                "missile_miss_count": 0,
                "missile_evade_success_count": 2,