{
    "win": 47,
    "lose": 3,
    "draw": 0,
    "reward": -0.14304222738638828,
    "reward_default": -0.14304222738638828,
    "reward_attack": 0.0,
    "reward_evade": 0.0,
    "win_rate": 0.94,
    "lose_rate": 0.06,
    "draw_rate": 0.0,
    "reward_win_rate": 0.0,
    "reward_lose_rate": 0.0,
    "reward_draw_rate": 0.0,
    "destroyed_count": 0.06,
    "missile_fired_count": 4.36,
    "missile_fire_fail_count": 0.0,
    "missile_hit_self_count": 0.06,
    "missile_hit_enemy_count": 0.96,
    "missile_miss_count": 3.4,
    "missile_evade_success_count": 5.22,
    "home_returned_count": 0.02,
    "aircraft_collided_count": 0.0,
    "agent": {
        "name": "red_1",
        "type": "aircraft",
        "color": "red",
        "speed": 200,
        "turn_radius": 453.51473922902494,
        "collision_radius": 20.0,
        "indestructible": false,
        "waypoint": "x: -2364.098, y: -262.029, psi: -18.086",
        "destroyed": false,
        "destroyed_reason": [],
        "destroyed_count": 0,
        "destroyed_time": 0,
        "survival_time": 149.99999999999577,
        "waiting_actions": [],
        "consumed_actions": [
            "(139, (<Actions.go_to_location: 1>, -1730.749115389623, 97.52232647095548))",
            "(140, (<Actions.go_to_location: 1>, -2069.971047919456, 323.64518380796903))",
            "(141, (<Actions.go_to_location: 1>, -2308.971881502053, 420.6321004726842))",
            "(142, (<Actions.go_to_location: 1>, -2451.8048255338267, 473.76998212462854))",
            "(143, (<Actions.go_to_location: 1>, -2534.715721743198, 520.2108052026826))",
            "(144, (<Actions.go_to_location: 1>, -2584.4998104636793, 570.9474765270188))",
            "(146, (<Actions.go_to_location: 1>, -2617.187874470795, 627.8043633047528))",
            "(147, (<Actions.go_to_location: 1>, -2642.7719246190886, 689.5100421773127))",
            "(148, (<Actions.go_to_location: 1>, -2673.934104180225, 751.8989627296676))",
            "(149, (<Actions.go_to_location: 1>, -2723.0226387466996, 836.9900500979927))"
        ],
        "is_in_game_range": true,
        "missile_count": 8,
        "fuel": 179849.99999999127,
        "fuel_consumption_rate": 1,
        "radar_radius": 30000,
        "last_fire_missile_time": 130.1999999999969,
        "missile_hit_enemy": [
            [
                "red_1_missile_3",
                "blue_1"
            ]
        ],
        "missile_hit_enemy_count": 1,
        "missile_hit_self": [],
        "missile_hit_self_count": 0,
        "missile_miss": [
            "red_1_missile_0",
            "red_1_missile_1",
            "red_1_missile_2"
        ],
        "missile_miss_count": 3,
        "missile_evade_success": [
            "blue_1_missile_0",
            "blue_1_missile_1",
            "blue_1_missile_2",
            "blue_1_missile_3",
            "blue_1_missile_4"
        ],
        "missile_evade_success_count": 5,
        "missile_fired": [
            "red_1_missile_0",
            "red_1_missile_1",
            "red_1_missile_2",
            "red_1_missile_3"
        ],
        "missile_fired_count": 4,
        "missile_fire_fail_count": 0,
        "aircraft_collided_count": 0,
        "home_returned_count": 0
    },
    "game_info": {
        "episode": 2950,
        "red": {
            "win": 1670,
            "lose": 1094,
            "draw": 186,
            "reward": 92.44003915357052,
            "win_rate": 0.5661016949152542,
            "lose_rate": 0.3708474576271186,
            "draw_rate": 0.06305084745762712,
            "destroyed_count": 0,
            "missile_fired_count": 4,
            "missile_fire_fail_count": 0,
            "missile_hit_self_count": 0,
            "missile_hit_enemy_count": 1,
            "missile_miss_count": 3,
            "missile_evade_success_count": 5,
            "home_returned_count": 0,
            "missile_count": 8,
            "missile_depletion_count": 0,
            "aircraft_collided_count": 0,
            "reward_default": 88.94003915357052,
            "reward_attack": -1.5,
            "reward_evade": 5.0
        },
        "blue": {
            "win": 1094,
            "lose": 1670,
            "draw": 186,
            "reward": -35.07601566142821,
            "win_rate": 0.3708474576271186,
            "lose_rate": 0.5661016949152542,
            "draw_rate": 0.06305084745762712,
            "destroyed_count": 1,
            "missile_fired_count": 5,
            "missile_fire_fail_count": 0,
            "missile_hit_self_count": 1,
            "missile_hit_enemy_count": 0,
            "missile_miss_count": 5,
            "missile_evade_success_count": 3,
            "home_returned_count": 0,
            "missile_count": 7,
            "missile_depletion_count": 0,
            "aircraft_collided_count": 0,
            "reward_default": -35.57601566142821,
            "reward_evade": 3.0,
            "reward_attack": -2.5
        },
        "recent": {
            "episodes": 50,
            "abnormal": [],
            "red": {
                "win": 47,
                "lose": 3,
                "draw": 0,
                "reward": -0.14304222738638828,
                "reward_default": -0.14304222738638828,
                "reward_attack": 0.0,
                "reward_evade": 0.0,
                "win_rate": 0.94,
                "lose_rate": 0.06,
                "draw_rate": 0.0,
                "reward_win_rate": 0.0,
                "reward_lose_rate": 0.0,
                "reward_draw_rate": 0.0,
                "destroyed_count": 0.06,
                "missile_fired_count": 4.36,
                "missile_fire_fail_count": 0.0,
                "missile_hit_self_count": 0.06,
                "missile_hit_enemy_count": 0.96,
                "missile_miss_count": 3.4,
                "missile_evade_success_count": 5.22,
                "home_returned_count": 0.02,
                "aircraft_collided_count": 0.0
            },
            "blue": {
                "win": 3,
                "lose": 47,
                "draw": 0,
                "reward": 0.05721689095455673,
                "reward_default": 0.05721689095455673,
                "reward_evade": 0.0,
                "reward_attack": 0.0,
                "win_rate": 0.06,
                "lose_rate": 0.94,
                "draw_rate": 0.0,
                "reward_win_rate": 0.0,
                "reward_lose_rate": 0.0,
                "reward_draw_rate": 0.0,
                "destroyed_count": 0.96,
                "missile_fired_count": 5.28,
                "missile_fire_fail_count": 0.0,
                "missile_hit_self_count": 0.96,
                "missile_hit_enemy_count": 0.06,
                "missile_miss_count": 5.22,
                "missile_evade_success_count": 3.4,
                "home_returned_count": 0.0,
                "aircraft_collided_count": 0.0
            },
            "agent": {
                "blue_1": {
                    "destroyed_count": 0.02,
                    "missile_fired_count": 0.1,
                    "missile_fire_fail_count": 0.0,
                    "missile_hit_self_count": 0.02,
                    "missile_hit_enemy_count": 0.0,
                    "missile_miss_count": 0.1,
                    "missile_evade_success_count": 0.06,
                    "home_returned_count": 0.0,
                    "aircraft_collided_count": 0.0
                },
                "red_1": {
                    "destroyed_count": 0.0,
                    "missile_fired_count": 0.08,
                    "missile_fire_fail_count": 0.0,
                    "missile_hit_self_count": 0.0,
                    "missile_hit_enemy_count": 0.02,
                    "missile_miss_count": 0.06,
                    "missile_evade_success_count": 0.1,
                    "home_returned_count": 0.0,
                    "aircraft_collided_count": 0.0
                }
            }
        },